report_id,issue_type,issue_description,issue_status,report_datetime,location_city,location_state,location_country,latitude,longitude,municipal_department,resolution_datetime,priority_level,priority_score,severity_score,area_importance,citizen_reports_count
RPT-354769,noise,Unauthorized late-night party with amplified sound. Need someone to stop this.,resolved,2025-10-21T19:29:14.031832,New York,NY,USA,40.71344164662127,-74.01148256005848,Public Safety,2025-10-30T19:29:14.031832,low,3.08,2,7,3
RPT-928980,pothole,Deep pothole near the bus stop making it dangerous for commuters.,in-progress,2023-07-10T08:15:00,Chicago,IL,USA,41.7342,-87.6534,Road Maintenance,,medium,6.3,9,7,10
RPT-337675,noise,Construction crew is starting their work at 5 AM. It is way too loud and violating city ordinances.,in-progress,2025-07-11T00:00:00,New York,NY,USA,40.733603550156,-73.99517459950025,Public Safety,,medium,6.02,5,7,32
RPT-528487,water_leakage,"URGENT: A significant water leak near the school entrance is creating a large, slippery pond. It's wasting city resources and making it hard for kids to get to class. This situation is impacting hundreds of people on this main road and requires a crew immediately. It's becoming a major liability for the city.",submitted,2025-06-15T00:00:00,Los Angeles,CA,USA,34.049693244523795,-118.2452726070498,Water Department,,high,7.72,7,9,37
RPT-609991,pothole,Can someone please fix a small pothole that is getting deeper every day.  I'm concerned about safety here.,submitted,2025-05-12T19:27:31.182002,Phoenix,AZ,USA,33.468122281579326,-112.06522687156904,Roads & Highways,,low,3.46,4,4,11
RPT-769396,streetlight,URGENT: The entire block's streetlights are out near the hospital parking zone. It feels extremely unsafe for the night shift staff walking to their vehicles. This situation is impacting hundreds of people on this main road and requires a crew immediately. It's becoming a major liability for the city.,submitted,2025-09-04T00:00:00,Houston,TX,USA,29.75993089604369,-95.36539181329783,Electrical Department,,high,7.66,7,7,46
RPT-883392,drainage,Standing water on the road for days after the rain. The storm drain just isn't working.,resolved,2025-11-24T20:38:18.159921,Phoenix,AZ,USA,33.45177620704681,-112.07334952626684,Drainage Authority,2025-11-27T20:38:18.159921,low,2.34,3,2,9
RPT-297435,other,Uncollected recycling bins left for three days on the curb.,submitted,2024-03-11T18:15:00,Long Beach,California,USA,33.8249,-118.1864,Sanitation,,low,2.9,2,3,20
RPT-754965,noise,"URGENT: Constant, high-decibel industrial humming coming from the site next to the apartment complex. It’s been ongoing for 48 hours and is causing severe sleep deprivation. This situation is impacting hundreds of people on this main road and requires a crew immediately. It's becoming a major liability for the city.",submitted,2026-03-19T00:00:00,Los Angeles,CA,USA,34.056826187331346,-118.24128817265807,Public Safety,,high,7.84,7,8,44
RPT-336498,pothole,"Multiple small potholes appearing, causing traffic to slow down significantly.",submitted,2025-06-01T00:00:00,Phoenix,AZ,USA,33.473707611173644,-112.1055418989398,Roads & Highways,,low,3.82,1,5,32
RPT-225192,illegal_parking,"EMERGENCY: MULTIPLE VEHICLES ARE DOUBLE-PARKED ALONG THE MAIN COMMERCIAL STRIP, FORCING BUSES TO STOP IN THE MIDDLE OF THE ROAD AND CREATING A TOTAL TRAFFIC DEADLOCK. IMMEDIATE INTERVENTION REQUIRED. LIVES AND PROPERTY ARE AT RISK NEAR A SENSITIVE AREA. PLEASE DISPATCH EMERGENCY MUNICIPAL CREWS NOW.",submitted,2025-11-13T00:00:00,Los Angeles,CA,USA,34.048031342614905,-118.2467410246061,Traffic Department,,critical,9.0,9,9,45
RPT-512811,pothole,"Huge pothole right in the middle of the intersection, almost blew out my tire this morning. Needs immediate patching.",in-progress,2025-11-07T20:38:18.158965,Los Angeles,CA,USA,34.06154057690988,-118.23827552387984,Roads & Highways,,low,3.36,3,4,16
RPT-888201,drainage,Drainage cover is missing or broken. Hazard for tires.,submitted,2025-04-28T19:29:14.031977,Houston,TX,USA,29.757532987622533,-95.36687549094798,Drainage Authority,,low,2.52,3,2,12
RPT-889546,garbage,Overflowing dumpster behind the grocery store. It's really gross and unhygienic with the summer heat.,in-progress,2025-06-17T00:00:00,Chicago,IL,USA,41.84862437922995,-87.58036156695651,Sanitation,,medium,5.4,9,5,5
RPT-739689,water_leakage,"Small leak from the hydrant, wasting gallons of water.",submitted,2025-03-02T00:00:00,Chicago,IL,USA,41.874295641499245,-87.63074012469866,Water Department,,medium,5.12,8,2,22
RPT-884632,illegal-dumping,Illegal dumping of old tires in alley.,in-progress,2024-06-03T08:21:00,Brooklyn,NY,USA,40.685,-73.977,Sanitation,,low,2.5,1,3,20
RPT-663554,garbage,There is a serious issue with garbage collection seems to have been missed this week.  This has been happening for a while now.,in-progress,2026-04-11T19:27:31.183758,New York,NY,USA,40.7092985512093,-73.99877814437012,Sanitation,,critical,8.74,10,10,29
RPT-565532,pothole,Hit a massive pothole on River Rd that damaged my wheel. Needs filling ASAP.,submitted,2025-10-30T19:29:14.033731,New York,NY,USA,40.7087776418793,-74.00291953080736,Roads & Highways,,low,2.56,1,2,26
RPT-340124,garbage,URGENT: Illegal dumping at the commercial intersection is blocking the pedestrian crossing. It's a health hazard and completely unsightly for local business owners. This situation is impacting hundreds of people on this main road and requires a crew immediately. It's becoming a major liability for the city.,submitted,2025-06-07T00:00:00,Houston,TX,USA,29.75913607277145,-95.37302682623267,Sanitation,,high,7.88,8,8,38
RPT-694475,water_leakage,I suspect a major water main break nearby. There is a huge puddle that keeps growing and the water pressure in our building is low.,in-progress,2025-08-21T00:00:00,New York,NY,USA,40.75104021326947,-74.03363482208142,Water Department,,low,3.86,2,7,16
RPT-656594,streetlight,Two streetlights out on residential street; area very dark at night.,resolved,2024-05-28T21:20:00,Brooklyn,NY,USA,40.682,-73.994,Electrical Services,2024-05-29T10:45:00,low,3.34,1,7,14
RPT-923914,pothole,Large pothole at the intersection causes cars to swerve dangerously.,submitted,2023-08-02T09:34:00,Chicago,IL,USA,41.9038,-87.6373,Road Maintenance,,critical,9.1,10,7,50
RPT-975979,streetlight,EMERGENCY: THE ENTIRE BLOCK'S STREETLIGHTS ARE OUT NEAR THE HOSPITAL PARKING ZONE. IT FEELS EXTREMELY UNSAFE FOR THE NIGHT SHIFT STAFF WALKING TO THEIR VEHICLES. IMMEDIATE INTERVENTION REQUIRED. LIVES AND PROPERTY ARE AT RISK NEAR A SENSITIVE AREA. PLEASE DISPATCH EMERGENCY MUNICIPAL CREWS NOW.,submitted,2026-04-06T00:00:00,Chicago,IL,USA,41.88258174660083,-87.63261102673141,Electrical Department,,critical,9.7,10,10,45
RPT-177293,illegal_parking,"URGENT: Multiple vehicles are double-parked along the main commercial strip, forcing buses to stop in the middle of the road and creating a total traffic deadlock. This situation is impacting hundreds of people on this main road and requires a crew immediately. It's becoming a major liability for the city.",submitted,2026-03-20T00:00:00,New York,NY,USA,40.7085569170755,-74.0089406616644,Traffic Department,,high,7.66,7,8,41
RPT-862710,drainage,"EMERGENCY: THE STORM DRAIN IS PARTIALLY COLLAPSED AND BLOCKED WITH HEAVY DEBRIS. WITH RAIN IN THE FORECAST, THE SURROUNDING RESIDENTIAL AREA IS AT HIGH RISK OF FLOODING. IMMEDIATE INTERVENTION REQUIRED. LIVES AND PROPERTY ARE AT RISK NEAR A SENSITIVE AREA. PLEASE DISPATCH EMERGENCY MUNICIPAL CREWS NOW.",submitted,2025-08-21T00:00:00,Los Angeles,CA,USA,34.05157077507464,-118.23906090989244,Drainage Authority,,critical,9.0,9,9,45
RPT-905829,graffiti,Graffiti on the public restroom wall at the city park.,submitted,2024-06-21T09:30:00,Princeton,New Jersey,USA,40.3573,-74.6672,Community Services,,medium,5.24,2,7,39
RPT-730308,garbage,It's really frustrating that there is illegal dumping of furniture and appliances on the sidewalk.  Please address this as soon as possible.,in-progress,2025-11-04T19:27:31.181092,Houston,TX,USA,29.777023541399316,-95.38638747952568,Sanitation,,medium,5.14,1,9,34
RPT-963665,pothole,EMERGENCY: THE POTHOLE ON THE MAIN ROAD IS GETTING DEEPER AND I'VE SEEN THREE CARS SWERVE INTO THE OPPOSITE LANE TO AVOID IT TODAY. IT'S A SIGNIFICANT SAFETY RISK DURING RUSH HOUR. IMMEDIATE INTERVENTION REQUIRED. LIVES AND PROPERTY ARE AT RISK NEAR A SENSITIVE AREA. PLEASE DISPATCH EMERGENCY MUNICIPAL CREWS NOW.,submitted,2025-06-08T00:00:00,New York,NY,USA,40.71213030165424,-74.00440630005171,Roads & Highways,,critical,10.0,10,10,50
RPT-962771,garbage,"Garbage scattered after storm, needs urgent cleanup.",resolved,2023-07-17T07:26:00,Chicago,IL,USA,41.9789,-87.6836,Sanitation,2023-07-17T15:00:00,low,3.88,1,7,23
RPT-981881,pothole,Small but sharp pothole that is definitely going to pop someone's tire. Could we get this filled quickly?,in-progress,2025-09-29T00:00:00,New York,NY,USA,40.673129145966,-74.00590420919114,Roads & Highways,,low,3.72,3,7,7
RPT-533431,illegal_parking,"EMERGENCY: MULTIPLE VEHICLES ARE DOUBLE-PARKED ALONG THE MAIN COMMERCIAL STRIP, FORCING BUSES TO STOP IN THE MIDDLE OF THE ROAD AND CREATING A TOTAL TRAFFIC DEADLOCK. IMMEDIATE INTERVENTION REQUIRED. LIVES AND PROPERTY ARE AT RISK NEAR A SENSITIVE AREA. PLEASE DISPATCH EMERGENCY MUNICIPAL CREWS NOW.",submitted,2026-02-03T00:00:00,Chicago,IL,USA,41.87710978566344,-87.629058802983,Traffic Department,,critical,9.52,10,9,47
RPT-163763,pothole,Please look into a massive pothole right in the middle of the intersection.  Please address this as soon as possible.,submitted,2025-08-17T19:27:31.180640,Chicago,IL,USA,41.8893624732838,-87.62122970567928,Roads & Highways,,medium,5.44,10,1,19
RPT-726921,garbage,It's really frustrating that garbage collection seems to have been missed this week.  I'm concerned about safety here.,in-progress,2025-05-29T19:27:31.183096,Phoenix,AZ,USA,33.46798156654496,-112.06027551796387,Sanitation,,low,2.22,3,1,12
RPT-457319,streetlight,The streetlight is flickering violently. It's very distracting and annoying for everyone living in the building.,resolved,2025-10-23T00:00:00,New York,NY,USA,40.72982330976663,-73.97158798762402,Electrical Department,2025-10-24T00:00:00,low,1.88,2,3,3
RPT-184514,other,"Damaged bike rack outside the library, unusable for cyclists.",submitted,2023-07-16T17:45:00,Chicago,IL,USA,41.8721,-87.6277,Parks Department,,medium,5.56,4,7,31
RPT-921817,illegal_parking,"Someone is parked on the sidewalk, forcing everyone to walk into the busy street. Very unsafe.",resolved,2025-10-04T00:00:00,Chicago,IL,USA,41.82483743445534,-87.60805853993183,Traffic Department,2025-10-11T00:00:00,high,7.96,10,6,36
RPT-939638,streetlight,EMERGENCY: THE ENTIRE BLOCK'S STREETLIGHTS ARE OUT NEAR THE HOSPITAL PARKING ZONE. IT FEELS EXTREMELY UNSAFE FOR THE NIGHT SHIFT STAFF WALKING TO THEIR VEHICLES. IMMEDIATE INTERVENTION REQUIRED. LIVES AND PROPERTY ARE AT RISK NEAR A SENSITIVE AREA. PLEASE DISPATCH EMERGENCY MUNICIPAL CREWS NOW.,submitted,2026-01-02T00:00:00,Houston,TX,USA,29.75852240532205,-95.37273895629906,Electrical Department,,critical,9.52,10,9,47
RPT-553355,garbage,Overflowing garbage bins at the park entrance.,resolved,2023-09-10T15:17:00,Louisville,KY,USA,38.2547,-85.7497,Sanitation,2023-09-12T09:28:00,medium,6.26,5,7,36
RPT-289058,drainage,Standing water on the road for days after the rain. The storm drain just isn't working.,submitted,2025-06-05T20:38:18.157988,Houston,TX,USA,29.76217123777601,-95.36807602153569,Drainage Authority,,low,3.28,4,4,8
RPT-381768,pothole,EMERGENCY: THE POTHOLE ON THE MAIN ROAD IS GETTING DEEPER AND I'VE SEEN THREE CARS SWERVE INTO THE OPPOSITE LANE TO AVOID IT TODAY. IT'S A SIGNIFICANT SAFETY RISK DURING RUSH HOUR. IMMEDIATE INTERVENTION REQUIRED. LIVES AND PROPERTY ARE AT RISK NEAR A SENSITIVE AREA. PLEASE DISPATCH EMERGENCY MUNICIPAL CREWS NOW.,submitted,2025-12-29T00:00:00,New York,NY,USA,40.71485277087304,-74.00137656380964,Roads & Highways,,critical,9.12,9,9,47
RPT-385638,illegal_parking,"URGENT: Multiple vehicles are double-parked along the main commercial strip, forcing buses to stop in the middle of the road and creating a total traffic deadlock. This situation is impacting hundreds of people on this main road and requires a crew immediately. It's becoming a major liability for the city.",submitted,2025-06-23T00:00:00,New York,NY,USA,40.71560233243222,-74.00342283157994,Traffic Department,,high,8.06,8,8,41
RPT-208099,garbage,Overflowing public bins at Sunset Blvd. Trash is being blown all over the sidewalk.,resolved,2025-11-27T19:29:14.031944,Phoenix,AZ,USA,33.43863903790875,-112.08168007280332,Sanitation,2025-12-04T19:29:14.031944,medium,6.34,4,6,49
RPT-466084,garbage,Public waste container is completely full. Need an extra collection.,submitted,2025-07-02T19:29:14.032463,Phoenix,AZ,USA,33.45308503445623,-112.08142779154728,Sanitation,,medium,4.84,1,7,39
RPT-196165,noise,Unusually loud vehicle engine noise repeatedly circling the block.,submitted,2025-12-27T00:00:00,Chicago,IL,USA,41.8693359782424,-87.59689221062263,Public Safety,,medium,5.58,3,7,38
RPT-166279,streetlight,EMERGENCY: THE ENTIRE BLOCK'S STREETLIGHTS ARE OUT NEAR THE HOSPITAL PARKING ZONE. IT FEELS EXTREMELY UNSAFE FOR THE NIGHT SHIFT STAFF WALKING TO THEIR VEHICLES. IMMEDIATE INTERVENTION REQUIRED. LIVES AND PROPERTY ARE AT RISK NEAR A SENSITIVE AREA. PLEASE DISPATCH EMERGENCY MUNICIPAL CREWS NOW.,submitted,2026-04-25T00:00:00,Houston,TX,USA,29.75806159266427,-95.3687927097758,Electrical Department,,critical,9.06,9,9,46
RPT-846321,noise,Construction noise is going on well past midnight.,in-progress,2025-01-11T00:00:00,Chicago,IL,USA,41.828289490039744,-87.57571793796569,Public Safety,,medium,5.92,4,10,22
RPT-218892,noise,"Loud, bass-heavy music coming from the apartment upstairs. Ongoing issue.",submitted,2026-02-12T19:29:14.032589,Phoenix,AZ,USA,33.45115615077414,-112.0695569868096,Public Safety,,low,2.7,3,2,15
RPT-484964,noise,"Industrial fan running 24/7, extremely loud and intrusive.",resolved,2025-10-04T00:00:00,Chicago,IL,USA,41.890832632605736,-87.65287883093197,Public Safety,2025-10-14T00:00:00,low,3.8,2,8,10
RPT-910918,illegal_parking,"URGENT: Multiple vehicles are double-parked along the main commercial strip, forcing buses to stop in the middle of the road and creating a total traffic deadlock. This situation is impacting hundreds of people on this main road and requires a crew immediately. It's becoming a major liability for the city.",submitted,2026-04-19T00:00:00,Houston,TX,USA,29.755711373243148,-95.37171926951378,Traffic Department,,high,7.12,7,7,37
RPT-141577,pothole,It's really frustrating that a small pothole that is getting deeper every day.  This has been happening for a while now.,resolved,2025-06-27T19:27:31.181518,Houston,TX,USA,29.765497468584552,-95.37066581279169,Roads & Highways,2025-07-06T19:27:31.181518,medium,5.74,1,10,39
RPT-220009,drainage,Standing water on the road for days after the rain. The storm drain just isn't working.,resolved,2025-08-14T20:38:18.158281,New York,NY,USA,40.72129769459128,-73.99685539500634,Drainage Authority,2025-08-17T20:38:18.158281,medium,5.7,9,3,20
RPT-803340,streetlight,URGENT: The entire block's streetlights are out near the hospital parking zone. It feels extremely unsafe for the night shift staff walking to their vehicles. This situation is impacting hundreds of people on this main road and requires a crew immediately. It's becoming a major liability for the city.,submitted,2025-07-01T00:00:00,Houston,TX,USA,29.7600220526336,-95.3716789356056,Electrical Department,,high,8.12,8,9,37
RPT-537776,illegal_parking,Vehicle parked directly in front of the fire hydrant. Big safety risk.,submitted,2026-02-17T19:29:14.031569,Houston,TX,USA,29.75347401997368,-95.3768545118226,Traffic Department,,low,3.88,1,6,28
RPT-902833,noise,"URGENT: Constant, high-decibel industrial humming coming from the site next to the apartment complex. It’s been ongoing for 48 hours and is causing severe sleep deprivation. This situation is impacting hundreds of people on this main road and requires a crew immediately. It's becoming a major liability for the city.",submitted,2025-06-18T00:00:00,Phoenix,AZ,USA,33.45176785376504,-112.07757725643812,Public Safety,,high,8.0,8,9,35
RPT-292696,drainage,"EMERGENCY: THE STORM DRAIN IS PARTIALLY COLLAPSED AND BLOCKED WITH HEAVY DEBRIS. WITH RAIN IN THE FORECAST, THE SURROUNDING RESIDENTIAL AREA IS AT HIGH RISK OF FLOODING. IMMEDIATE INTERVENTION REQUIRED. LIVES AND PROPERTY ARE AT RISK NEAR A SENSITIVE AREA. PLEASE DISPATCH EMERGENCY MUNICIPAL CREWS NOW.",submitted,2025-10-18T00:00:00,Houston,TX,USA,29.758441931971728,-95.3665367272158,Drainage Authority,,critical,9.88,10,10,48
RPT-249606,pothole,"Huge pothole right in the middle of the intersection, almost blew out my tire this morning. Needs immediate patching.",resolved,2025-09-01T20:38:18.158506,Phoenix,AZ,USA,33.44988029684355,-112.06648106314653,Roads & Highways,2025-09-08T20:38:18.158506,medium,4.98,3,10,13
RPT-440214,graffiti,"Graffiti observed on the wall of a public building, creating an unsightly environment.",in-progress,2024-05-31T11:45:00,Harlem,NY,USA,40.802,-73.953,Public Works,,medium,4.56,3,3,41
RPT-715477,garbage,I've noticed that litter is accumulating in the alleyway and creating a mess.  It's becoming quite dangerous.,in-progress,2025-08-31T19:27:31.183885,Phoenix,AZ,USA,33.453962428212456,-112.05659881081743,Sanitation,,medium,6.96,9,2,46
RPT-647951,graffiti,"Graffiti on playground slide, inappropriate words.",in-progress,2024-06-03T12:49:00,Brooklyn,NY,USA,40.689,-73.953,Public Works,,low,1.64,2,2,4
RPT-646920,illegal_parking,"Please look into a vehicle is blocking the sidewalk, forcing pedestrians into the street.  It's creating an eyesore for the neighborhood.",resolved,2025-07-19T19:27:31.180739,Phoenix,AZ,USA,33.43400657495194,-112.07461221436594,Traffic Department,2025-07-26T19:27:31.180739,high,7.54,4,10,49
RPT-909385,water-leak,"Water leaking from broken pipe under sidewalk, creating slippery conditions.",rejected,2024-06-01T16:49:00,New York,NY,USA,40.756,-73.986,Water Management,,medium,5.66,5,3,46
RPT-604607,water_leakage,"Small leak from the hydrant, wasting gallons of water.",resolved,2025-03-28T00:00:00,Houston,TX,USA,29.797698766919016,-95.32737312974676,Water Department,2025-03-30T00:00:00,medium,6.2,2,9,45
RPT-799132,water_leakage,"Small leak from the hydrant, wasting gallons of water.",in-progress,2025-10-24T00:00:00,Phoenix,AZ,USA,33.406369962673644,-112.08788872199416,Water Department,,high,7.54,7,9,34
RPT-571265,other,Broken bench in Central Park playground needs repair.,submitted,2024-06-07T10:45:00,Elizabeth,New Jersey,USA,40.6639,-74.2107,,,medium,5.56,7,5,21
RPT-979000,streetlight,EMERGENCY: THE ENTIRE BLOCK'S STREETLIGHTS ARE OUT NEAR THE HOSPITAL PARKING ZONE. IT FEELS EXTREMELY UNSAFE FOR THE NIGHT SHIFT STAFF WALKING TO THEIR VEHICLES. IMMEDIATE INTERVENTION REQUIRED. LIVES AND PROPERTY ARE AT RISK NEAR A SENSITIVE AREA. PLEASE DISPATCH EMERGENCY MUNICIPAL CREWS NOW.,submitted,2026-01-30T00:00:00,Houston,TX,USA,29.759379652636348,-95.36809787192264,Electrical Department,,critical,9.46,10,9,46
RPT-211095,illegal_parking,"Vehicle abandoned for weeks, taking up valuable street parking.",resolved,2025-04-22T00:00:00,Chicago,IL,USA,41.893760612751805,-87.59856320539492,Traffic Department,2025-04-30T00:00:00,high,8.34,9,10,29
RPT-368350,water_leakage,"There's a constant stream of water coming from the storm drain, even though it hasn't rained in days. Must be a broken pipe.",resolved,2025-05-22T00:00:00,New York,NY,USA,40.74265978270534,-73.96296685629588,Water Department,2025-06-01T00:00:00,medium,5.34,3,10,19
RPT-388449,noise,"EMERGENCY: CONSTANT, HIGH-DECIBEL INDUSTRIAL HUMMING COMING FROM THE SITE NEXT TO THE APARTMENT COMPLEX. IT’S BEEN ONGOING FOR 48 HOURS AND IS CAUSING SEVERE SLEEP DEPRIVATION. IMMEDIATE INTERVENTION REQUIRED. LIVES AND PROPERTY ARE AT RISK NEAR A SENSITIVE AREA. PLEASE DISPATCH EMERGENCY MUNICIPAL CREWS NOW.",submitted,2025-06-21T00:00:00,Phoenix,AZ,USA,33.447251485870616,-112.07411021577512,Public Safety,,critical,9.0,9,9,45
RPT-834781,water_leakage,"Water main burst under the sidewalk, constant flow.",submitted,2025-09-19T00:00:00,Phoenix,AZ,USA,33.42351988612854,-112.10723795891695,Water Department,,high,7.6,7,6,50
RPT-373951,water_leakage,It's really frustrating that water is leaking from the hydrant and flooding the street.  It's becoming quite dangerous.,submitted,2025-10-29T19:27:31.183171,Phoenix,AZ,USA,33.43487256904105,-112.08832285141484,Water Department,,medium,6.6,9,6,20
RPT-874521,garbage,"Garbage truck missed our block again. Overflowing bins are attracting rats, and the smell is unbearable.",resolved,2025-11-04T20:38:18.157437,New York,NY,USA,40.718794074041725,-74.0047580465091,Sanitation,2025-11-08T20:38:18.157437,medium,6.0,6,10,10
RPT-100658,garbage,Trash overflowing from the public bins in the park. Litter is blowing everywhere.,in-progress,2025-08-06T20:38:18.159640,Los Angeles,CA,USA,34.06143099006877,-118.243349765896,Sanitation,,medium,4.72,1,8,32
RPT-705923,streetlight,The light stays on during the day but is off at night. Completely backwards. Needs a repair.,resolved,2025-12-28T00:00:00,New York,NY,USA,40.7489271681632,-73.95197788523079,Electrical Department,2026-01-02T00:00:00,low,2.78,2,5,8
RPT-437821,illegal_parking,Car parked directly in front of my driveway. I have an appointment and cannot get my car out.,in-progress,2025-07-19T20:38:18.159695,Los Angeles,CA,USA,34.06186239801794,-118.23460199627507,Traffic Department,,medium,5.52,9,3,17
RPT-466782,drainage,"Water pooling on the curb, not draining into the storm sewer.",resolved,2025-05-11T00:00:00,Houston,TX,USA,29.772141587187885,-95.34989598463196,Drainage Authority,2025-05-16T00:00:00,medium,5.44,7,4,24
RPT-931709,noise,"URGENT: Constant, high-decibel industrial humming coming from the site next to the apartment complex. It’s been ongoing for 48 hours and is causing severe sleep deprivation. This situation is impacting hundreds of people on this main road and requires a crew immediately. It's becoming a major liability for the city.",submitted,2025-11-29T00:00:00,Los Angeles,CA,USA,34.052895718465926,-118.24657552698166,Public Safety,,high,7.82,8,8,37
RPT-219908,garbage,URGENT: Illegal dumping at the commercial intersection is blocking the pedestrian crossing. It's a health hazard and completely unsightly for local business owners. This situation is impacting hundreds of people on this main road and requires a crew immediately. It's becoming a major liability for the city.,submitted,2025-12-12T00:00:00,Phoenix,AZ,USA,33.44750280704281,-112.0762034546266,Sanitation,,high,7.0,7,7,35
RPT-690886,noise,Construction noise is going on well past midnight.,resolved,2025-04-26T00:00:00,New York,NY,USA,40.758954540488745,-73.9660203033673,Public Safety,2025-04-29T00:00:00,medium,4.06,1,7,26
RPT-944397,noise,"URGENT: Constant, high-decibel industrial humming coming from the site next to the apartment complex. It’s been ongoing for 48 hours and is causing severe sleep deprivation. This situation is impacting hundreds of people on this main road and requires a crew immediately. It's becoming a major liability for the city.",submitted,2025-06-26T00:00:00,Chicago,IL,USA,41.881199860142544,-87.62564874203474,Public Safety,,high,7.54,7,8,39
RPT-470960,drainage,Drainage cover is missing. This is incredibly dangerous for pedestrians and kids playing nearby.,resolved,2025-12-03T00:00:00,Chicago,IL,USA,41.89141394242531,-87.60492048898936,Drainage Authority,2025-12-09T00:00:00,medium,6.18,9,3,28
RPT-807584,pothole,URGENT: The pothole on the main road is getting deeper and I've seen three cars swerve into the opposite lane to avoid it today. It's a significant safety risk during rush hour. This situation is impacting hundreds of people on this main road and requires a crew immediately. It's becoming a major liability for the city.,submitted,2026-04-01T00:00:00,Houston,TX,USA,29.7639097802857,-95.37395209811191,Roads & Highways,,high,8.3,8,9,40
RPT-871848,garbage,EMERGENCY: ILLEGAL DUMPING AT THE COMMERCIAL INTERSECTION IS BLOCKING THE PEDESTRIAN CROSSING. IT'S A HEALTH HAZARD AND COMPLETELY UNSIGHTLY FOR LOCAL BUSINESS OWNERS. IMMEDIATE INTERVENTION REQUIRED. LIVES AND PROPERTY ARE AT RISK NEAR A SENSITIVE AREA. PLEASE DISPATCH EMERGENCY MUNICIPAL CREWS NOW.,submitted,2026-04-19T00:00:00,Houston,TX,USA,29.764385835821678,-95.36827268655004,Sanitation,,critical,9.58,10,9,48
RPT-360761,streetlight,URGENT: The entire block's streetlights are out near the hospital parking zone. It feels extremely unsafe for the night shift staff walking to their vehicles. This situation is impacting hundreds of people on this main road and requires a crew immediately. It's becoming a major liability for the city.,submitted,2026-01-01T00:00:00,Los Angeles,CA,USA,34.052820171095924,-118.2456968509904,Electrical Department,,high,7.94,8,7,44
RPT-419742,other,Sidewalk blocked by construction materials.,closed,2023-08-20T09:17:00,Indianapolis,IN,USA,39.773,-86.1493,Public Works,2023-08-22T15:02:00,medium,5.52,3,7,37
RPT-200774,drainage,Large blockage in the storm drain pipe. Water is backing up.,in-progress,2025-10-11T19:29:14.031309,Chicago,IL,USA,41.87067584122515,-87.62877210348668,Drainage Authority,,medium,4.9,1,6,45
RPT-585550,noise,"Barking dog that is left outside for hours on end, day and night. It's driving the whole neighborhood crazy.",resolved,2025-10-29T00:00:00,Phoenix,AZ,USA,33.42603647452196,-112.02265403912924,Public Safety,2025-11-07T00:00:00,medium,4.22,2,8,17
RPT-360243,drainage,Large blockage in the storm drain pipe. Water is backing up.,submitted,2025-05-27T19:29:14.031704,Chicago,IL,USA,41.87930750696018,-87.63094225554485,Drainage Authority,,medium,5.46,3,5,46
RPT-111255,drainage,Sewer smell is backing up into the street. The drainage system definitely needs a cleaning.,in-progress,2025-07-05T20:38:18.156702,Los Angeles,CA,USA,34.05415142245012,-118.23744791780314,Drainage Authority,,critical,8.7,9,8,45
RPT-750130,garbage,Overflowing public bins at Maple Ave. Trash is being blown all over the sidewalk.,submitted,2025-07-10T19:29:14.032996,New York,NY,USA,40.72269266504852,-74.01050400854714,Sanitation,,low,2.02,1,2,17
RPT-310540,water_leakage,"URGENT: A significant water leak near the school entrance is creating a large, slippery pond. It's wasting city resources and making it hard for kids to get to class. This situation is impacting hundreds of people on this main road and requires a crew immediately. It's becoming a major liability for the city.",submitted,2025-10-22T00:00:00,Chicago,IL,USA,41.87843233725408,-87.62504501716876,Water Department,,high,7.18,7,7,38
RPT-170700,pothole,"Pothole on main road has expanded, causing tire damage.",resolved,2023-07-19T08:50:00,Chicago,IL,USA,41.8491,-87.6261,Road Maintenance,2023-07-20T10:00:00,low,1.96,1,2,16
RPT-211105,water_leakage,"EMERGENCY: A SIGNIFICANT WATER LEAK NEAR THE SCHOOL ENTRANCE IS CREATING A LARGE, SLIPPERY POND. IT'S WASTING CITY RESOURCES AND MAKING IT HARD FOR KIDS TO GET TO CLASS. IMMEDIATE INTERVENTION REQUIRED. LIVES AND PROPERTY ARE AT RISK NEAR A SENSITIVE AREA. PLEASE DISPATCH EMERGENCY MUNICIPAL CREWS NOW.",submitted,2025-08-26T00:00:00,New York,NY,USA,40.71164385555631,-74.01007278045115,Water Department,,critical,9.18,9,9,48
RPT-294526,streetlight,Streetlight out near the school entrance.,in-progress,2023-08-14T21:42:00,Indianapolis,IN,USA,39.7923,-86.1403,Electrical Services,,medium,5.36,2,7,41
RPT-663092,streetlight,"Streetlight flickering and sometimes off, causing nighttime visibility problems.",resolved,2024-03-09T22:17:00,Burbank,California,USA,34.1683,-118.3258,Electrical Services,2024-03-12T17:11:00,low,2.54,2,3,14
RPT-279447,streetlight,About three lights are out on this entire block. It creates a major security risk for residents.,submitted,2025-10-15T00:00:00,New York,NY,USA,40.75729145086039,-73.97326231851599,Electrical Department,,high,7.98,9,9,28
RPT-244011,noise,"URGENT: Constant, high-decibel industrial humming coming from the site next to the apartment complex. It’s been ongoing for 48 hours and is causing severe sleep deprivation. This situation is impacting hundreds of people on this main road and requires a crew immediately. It's becoming a major liability for the city.",submitted,2025-10-14T00:00:00,Chicago,IL,USA,41.88244188466493,-87.63121646124213,Public Safety,,high,8.06,8,8,41
RPT-115122,pothole,Deep pothole outside the gas station.,in-progress,2023-09-04T17:05:00,Indianapolis,IN,USA,39.7501,-86.1487,Road Maintenance,,low,3.26,2,7,6
RPT-883972,garbage,EMERGENCY: ILLEGAL DUMPING AT THE COMMERCIAL INTERSECTION IS BLOCKING THE PEDESTRIAN CROSSING. IT'S A HEALTH HAZARD AND COMPLETELY UNSIGHTLY FOR LOCAL BUSINESS OWNERS. IMMEDIATE INTERVENTION REQUIRED. LIVES AND PROPERTY ARE AT RISK NEAR A SENSITIVE AREA. PLEASE DISPATCH EMERGENCY MUNICIPAL CREWS NOW.,submitted,2026-01-08T00:00:00,Houston,TX,USA,29.757249536223014,-95.36521717097038,Sanitation,,critical,9.12,9,9,47
RPT-362255,illegal_parking,"Van parked in the bike lane, very dangerous for commuters.",resolved,2025-10-13T00:00:00,New York,NY,USA,40.690600138596125,-73.98447225002155,Traffic Department,2025-10-20T00:00:00,medium,5.74,10,5,4
RPT-845051,illegal_parking,"Multiple cars parked on the sidewalk, forcing pedestrians into the street.",resolved,2025-04-05T00:00:00,Houston,TX,USA,29.71616215407042,-95.4074779450027,Traffic Department,2025-04-12T00:00:00,medium,5.76,6,6,26
RPT-546963,drainage,"EMERGENCY: THE STORM DRAIN IS PARTIALLY COLLAPSED AND BLOCKED WITH HEAVY DEBRIS. WITH RAIN IN THE FORECAST, THE SURROUNDING RESIDENTIAL AREA IS AT HIGH RISK OF FLOODING. IMMEDIATE INTERVENTION REQUIRED. LIVES AND PROPERTY ARE AT RISK NEAR A SENSITIVE AREA. PLEASE DISPATCH EMERGENCY MUNICIPAL CREWS NOW.",submitted,2025-07-01T00:00:00,Phoenix,AZ,USA,33.44344009244197,-112.0706270311423,Drainage Authority,,critical,9.88,10,10,48
RPT-500719,garbage,"Residents are putting out trash on the wrong days, and it's piling up in front of my driveway.",in-progress,2025-05-25T20:38:18.158190,Los Angeles,CA,USA,34.06160433922599,-118.23461241609242,Sanitation,,high,7.12,7,7,37
RPT-170379,water_leakage,"Pipe burst on the sidewalk. Water has been running for hours, creating a massive ice patch.",submitted,2025-11-17T20:38:18.158601,New York,NY,USA,40.71587779210202,-74.00254131758518,Water Department,,low,2.12,2,4,2
RPT-542737,garbage,EMERGENCY: ILLEGAL DUMPING AT THE COMMERCIAL INTERSECTION IS BLOCKING THE PEDESTRIAN CROSSING. IT'S A HEALTH HAZARD AND COMPLETELY UNSIGHTLY FOR LOCAL BUSINESS OWNERS. IMMEDIATE INTERVENTION REQUIRED. LIVES AND PROPERTY ARE AT RISK NEAR A SENSITIVE AREA. PLEASE DISPATCH EMERGENCY MUNICIPAL CREWS NOW.,submitted,2025-12-16T00:00:00,New York,NY,USA,40.71699433155428,-74.00861145825462,Sanitation,,critical,9.12,9,9,47
RPT-171411,noise,There is a serious issue with excessive music volume is coming from the apartment upstairs.  It's becoming quite dangerous.,submitted,2026-03-30T19:27:31.183969,Phoenix,AZ,USA,33.450153793699855,-112.08789052394016,Public Safety,,critical,9.58,10,10,43
RPT-177009,noise,"URGENT: Constant, high-decibel industrial humming coming from the site next to the apartment complex. It’s been ongoing for 48 hours and is causing severe sleep deprivation. This situation is impacting hundreds of people on this main road and requires a crew immediately. It's becoming a major liability for the city.",submitted,2026-04-16T00:00:00,New York,NY,USA,40.7161184106129,-74.00425755375609,Public Safety,,high,7.66,7,7,46
RPT-227444,pothole,EMERGENCY: THE POTHOLE ON THE MAIN ROAD IS GETTING DEEPER AND I'VE SEEN THREE CARS SWERVE INTO THE OPPOSITE LANE TO AVOID IT TODAY. IT'S A SIGNIFICANT SAFETY RISK DURING RUSH HOUR. IMMEDIATE INTERVENTION REQUIRED. LIVES AND PROPERTY ARE AT RISK NEAR A SENSITIVE AREA. PLEASE DISPATCH EMERGENCY MUNICIPAL CREWS NOW.,submitted,2026-01-01T00:00:00,Los Angeles,CA,USA,34.04920681776658,-118.24250721334852,Roads & Highways,,critical,9.3,9,9,50
RPT-420138,garbage,URGENT: Illegal dumping at the commercial intersection is blocking the pedestrian crossing. It's a health hazard and completely unsightly for local business owners. This situation is impacting hundreds of people on this main road and requires a crew immediately. It's becoming a major liability for the city.,submitted,2026-03-25T00:00:00,Chicago,IL,USA,41.87760248915863,-87.62502106614423,Sanitation,,high,7.16,8,7,31
RPT-577548,noise,Ongoing construction noise late at night affecting residents nearby.,in-progress,2023-07-18T21:10:00,Chicago,IL,USA,41.8843,-87.6505,,,medium,5.44,4,7,29
RPT-945876,streetlight,URGENT: The entire block's streetlights are out near the hospital parking zone. It feels extremely unsafe for the night shift staff walking to their vehicles. This situation is impacting hundreds of people on this main road and requires a crew immediately. It's becoming a major liability for the city.,submitted,2026-04-05T00:00:00,Chicago,IL,USA,41.87361951867826,-87.63453978690598,Electrical Department,,high,7.78,7,7,48
RPT-414483,garbage,"Residents are putting out trash on the wrong days, and it's piling up in front of my driveway.",in-progress,2025-10-18T20:38:18.157166,Chicago,IL,USA,41.886001832221886,-87.6265699255481,Sanitation,,medium,6.34,7,6,29
RPT-285718,pothole,URGENT: The pothole on the main road is getting deeper and I've seen three cars swerve into the opposite lane to avoid it today. It's a significant safety risk during rush hour. This situation is impacting hundreds of people on this main road and requires a crew immediately. It's becoming a major liability for the city.,submitted,2025-08-27T00:00:00,Phoenix,AZ,USA,33.45174255935595,-112.07367391873336,Roads & Highways,,high,7.7,8,9,30
RPT-986114,illegal_parking,"URGENT: Multiple vehicles are double-parked along the main commercial strip, forcing buses to stop in the middle of the road and creating a total traffic deadlock. This situation is impacting hundreds of people on this main road and requires a crew immediately. It's becoming a major liability for the city.",submitted,2025-10-25T00:00:00,Phoenix,AZ,USA,33.443999967121485,-112.07129448511868,Traffic Department,,high,7.6,7,7,45
RPT-817006,illegal-dumping,Construction materials dumped illegally on sidewalk.,submitted,2024-06-05T10:22:00,Brooklyn,NY,USA,40.684,-73.981,Sanitation,,low,3.7,4,3,20
RPT-891619,noise,There is a serious issue with there is loud machinery operating which is very disruptive.  It's creating an eyesore for the neighborhood.,submitted,2026-04-07T19:27:31.180688,Chicago,IL,USA,41.88101855901055,-87.61591413501534,Public Safety,,critical,8.98,10,8,43
RPT-485423,streetlight,URGENT: The entire block's streetlights are out near the hospital parking zone. It feels extremely unsafe for the night shift staff walking to their vehicles. This situation is impacting hundreds of people on this main road and requires a crew immediately. It's becoming a major liability for the city.,submitted,2025-06-15T00:00:00,New York,NY,USA,40.70985765702151,-74.0102526918687,Electrical Department,,high,7.42,7,7,42
RPT-659080,streetlight,The light stays on during the day but is off at night. Completely backwards. Needs a repair.,in-progress,2025-11-25T00:00:00,Houston,TX,USA,29.77471205801388,-95.33242635581892,Electrical Department,,medium,5.0,5,3,35
RPT-690490,water_leakage,"EMERGENCY: A SIGNIFICANT WATER LEAK NEAR THE SCHOOL ENTRANCE IS CREATING A LARGE, SLIPPERY POND. IT'S WASTING CITY RESOURCES AND MAKING IT HARD FOR KIDS TO GET TO CLASS. IMMEDIATE INTERVENTION REQUIRED. LIVES AND PROPERTY ARE AT RISK NEAR A SENSITIVE AREA. PLEASE DISPATCH EMERGENCY MUNICIPAL CREWS NOW.",submitted,2025-06-25T00:00:00,Chicago,IL,USA,41.87472648251775,-87.63004327155366,Water Department,,critical,9.82,10,10,47
RPT-190789,pothole,Deep pothole causing traffic slowdowns. Very hazardous for cyclists.,resolved,2026-01-21T19:29:14.033265,New York,NY,USA,40.71898580457459,-74.00979137038311,Roads & Highways,2026-02-04T19:29:14.033265,medium,4.12,1,8,22
RPT-694172,pothole,"Huge pothole right in the middle of the intersection, almost blew out my tire this morning. Needs immediate patching.",resolved,2025-09-18T20:38:18.159501,Chicago,IL,USA,41.88632677950858,-87.62175924804941,Roads & Highways,2025-09-28T20:38:18.159501,low,3.8,2,3,35
RPT-836912,garbage,URGENT: Illegal dumping at the commercial intersection is blocking the pedestrian crossing. It's a health hazard and completely unsightly for local business owners. This situation is impacting hundreds of people on this main road and requires a crew immediately. It's becoming a major liability for the city.,submitted,2025-05-12T00:00:00,Los Angeles,CA,USA,34.056066226115334,-118.24078987700749,Sanitation,,high,8.18,8,9,38
RPT-564804,streetlight,"Streetlight out near corner, area poorly lit.",submitted,2024-06-06T07:18:00,Brooklyn,NY,USA,40.688,-73.972,Electrical Services,,medium,4.54,4,3,34
RPT-755821,drainage,"EMERGENCY: THE STORM DRAIN IS PARTIALLY COLLAPSED AND BLOCKED WITH HEAVY DEBRIS. WITH RAIN IN THE FORECAST, THE SURROUNDING RESIDENTIAL AREA IS AT HIGH RISK OF FLOODING. IMMEDIATE INTERVENTION REQUIRED. LIVES AND PROPERTY ARE AT RISK NEAR A SENSITIVE AREA. PLEASE DISPATCH EMERGENCY MUNICIPAL CREWS NOW.",submitted,2025-10-29T00:00:00,Houston,TX,USA,29.7587492625764,-95.3737763357337,Drainage Authority,,critical,9.48,9,10,48
RPT-594919,water_leakage,"URGENT: A significant water leak near the school entrance is creating a large, slippery pond. It's wasting city resources and making it hard for kids to get to class. This situation is impacting hundreds of people on this main road and requires a crew immediately. It's becoming a major liability for the city.",submitted,2025-08-15T00:00:00,Los Angeles,CA,USA,34.04986608384609,-118.2450170499675,Water Department,,high,7.54,7,8,39
RPT-254669,water_leakage,Water is bubbling up through the cracks in the sidewalk. It's been like this since yesterday morning.,in-progress,2025-06-13T00:00:00,New York,NY,USA,40.703734522483416,-74.00683346784913,Water Department,,critical,8.92,10,7,47
RPT-800631,illegal_parking,"Truck parked in a no-parking zone, blocking visibility for turns.",in-progress,2025-10-28T00:00:00,Phoenix,AZ,USA,33.43139517358799,-112.08492456672997,Traffic Department,,medium,4.56,3,8,16
RPT-693218,illegal_parking,Car parked on the sidewalk forcing pedestrians into the road.,in-progress,2026-03-31T19:29:14.032690,Phoenix,AZ,USA,33.455865502257524,-112.0692608524813,Traffic Department,,medium,4.26,3,5,26
RPT-730361,garbage,EMERGENCY: ILLEGAL DUMPING AT THE COMMERCIAL INTERSECTION IS BLOCKING THE PEDESTRIAN CROSSING. IT'S A HEALTH HAZARD AND COMPLETELY UNSIGHTLY FOR LOCAL BUSINESS OWNERS. IMMEDIATE INTERVENTION REQUIRED. LIVES AND PROPERTY ARE AT RISK NEAR A SENSITIVE AREA. PLEASE DISPATCH EMERGENCY MUNICIPAL CREWS NOW.,submitted,2025-07-30T00:00:00,Los Angeles,CA,USA,34.05579414045532,-118.24335551482288,Sanitation,,critical,9.3,9,9,50
RPT-556356,pothole,URGENT: The pothole on the main road is getting deeper and I've seen three cars swerve into the opposite lane to avoid it today. It's a significant safety risk during rush hour. This situation is impacting hundreds of people on this main road and requires a crew immediately. It's becoming a major liability for the city.,submitted,2026-03-12T00:00:00,Los Angeles,CA,USA,34.05433100151333,-118.2416445135412,Roads & Highways,,high,7.96,7,9,41
RPT-501744,noise,Noise from ongoing street festival prevents residents from sleeping at night.,in-progress,2024-03-09T23:57:00,Santa Monica,California,USA,34.0092,-118.4927,Event Management,,medium,4.84,1,8,34
RPT-513430,garbage,Someone dumped an old mattress and a broken TV on the sidewalk. It's been here for three days.,in-progress,2026-02-04T20:38:18.159275,Phoenix,AZ,USA,33.45422521958158,-112.07308511309314,Sanitation,,low,1.78,1,2,13
RPT-817835,graffiti,Graffiti sprayed on side wall of coffee shop overnight.,closed,2024-03-13T22:44:00,Richmond,California,USA,37.9276,-122.3082,Community Services,2024-03-15T11:27:00,low,3.22,1,2,37
RPT-981793,illegal_parking,"URGENT: Multiple vehicles are double-parked along the main commercial strip, forcing buses to stop in the middle of the road and creating a total traffic deadlock. This situation is impacting hundreds of people on this main road and requires a crew immediately. It's becoming a major liability for the city.",submitted,2025-06-30T00:00:00,Los Angeles,CA,USA,34.049691556919626,-118.24792517887944,Traffic Department,,high,7.36,7,9,31
RPT-612683,pothole,Pothole near the bus stop damages tires.,resolved,2023-08-11T07:57:00,Chicago,IL,USA,42.0191,-87.6655,Road Maintenance,2023-08-14T10:55:00,low,2.46,3,3,6
RPT-559048,illegal_parking,"It's really frustrating that a vehicle is blocking the sidewalk, forcing pedestrians into the street.  This has been happening for a while now.",submitted,2025-07-24T19:27:31.181018,Chicago,IL,USA,41.8704239358274,-87.63239393369963,Traffic Department,,medium,5.96,2,9,41
RPT-777806,pothole,Hit a massive pothole on Elm St that damaged my wheel. Needs filling ASAP.,resolved,2026-03-28T19:29:14.032278,Phoenix,AZ,USA,33.45734834836692,-112.06779588895584,Roads & Highways,2026-03-30T19:29:14.032278,medium,4.86,3,6,31
RPT-414323,streetlight,Streetlight outage at busy intersection.,in-progress,2023-09-06T20:14:00,Indianapolis,IN,USA,39.7523,-86.1512,Electrical Services,,medium,6.1,4,7,40
RPT-872960,water_leakage,I wanted to report that water is leaking from the hydrant and flooding the street.  It's becoming quite dangerous.,resolved,2025-04-27T19:27:31.182097,Chicago,IL,USA,41.87239191430198,-87.63666118035994,Water Department,2025-05-02T19:27:31.182097,medium,5.62,10,2,17
RPT-409287,drainage,Storm drain is clogged with leaves and debris. Flooding expected if it rains.,in-progress,2025-12-02T19:29:14.033447,Houston,TX,USA,29.767998562688195,-95.37096407467712,Drainage Authority,,low,3.04,1,6,14
RPT-209971,noise,"URGENT: Constant, high-decibel industrial humming coming from the site next to the apartment complex. It’s been ongoing for 48 hours and is causing severe sleep deprivation. This situation is impacting hundreds of people on this main road and requires a crew immediately. It's becoming a major liability for the city.",submitted,2025-06-17T00:00:00,Chicago,IL,USA,41.87503069220846,-87.63344680317333,Public Safety,,high,7.84,7,8,44
RPT-110293,pothole,Large pothole forming near the intersection causing vehicles to swerve unexpectedly.,in-progress,2024-03-05T09:24:00,San Mateo,California,USA,37.5762,-122.3219,Public Works,,medium,4.82,5,7,12
RPT-993356,noise,Noise from delivery trucks idling early morning in residential zone.,submitted,2024-06-04T05:38:00,New York,NY,USA,40.74,-73.995,Community Affairs,,medium,5.26,1,7,46
RPT-454653,streetlight,Streetlight out on the corner again. It's pitch black at night and I don't feel safe walking my dog.,in-progress,2026-03-23T00:00:00,Phoenix,AZ,USA,33.476947682793245,-112.11398616638674,Electrical Department,,low,2.34,3,2,9
RPT-358917,streetlight,Streetlight leaning dangerously after recent storm.,in-progress,2024-06-02T22:11:00,New York,NY,USA,40.752,-73.99,Electrical Services,,medium,6.16,10,2,26
RPT-545793,illegal_parking,"URGENT: Multiple vehicles are double-parked along the main commercial strip, forcing buses to stop in the middle of the road and creating a total traffic deadlock. This situation is impacting hundreds of people on this main road and requires a crew immediately. It's becoming a major liability for the city.",submitted,2026-04-10T00:00:00,Houston,TX,USA,29.765068340880266,-95.3685676210002,Traffic Department,,high,7.84,7,8,44
RPT-790899,streetlight,EMERGENCY: THE ENTIRE BLOCK'S STREETLIGHTS ARE OUT NEAR THE HOSPITAL PARKING ZONE. IT FEELS EXTREMELY UNSAFE FOR THE NIGHT SHIFT STAFF WALKING TO THEIR VEHICLES. IMMEDIATE INTERVENTION REQUIRED. LIVES AND PROPERTY ARE AT RISK NEAR A SENSITIVE AREA. PLEASE DISPATCH EMERGENCY MUNICIPAL CREWS NOW.,submitted,2026-03-22T00:00:00,Chicago,IL,USA,41.87355365528058,-87.63235948900915,Electrical Department,,critical,9.58,10,9,48
RPT-124302,noise,"EMERGENCY: CONSTANT, HIGH-DECIBEL INDUSTRIAL HUMMING COMING FROM THE SITE NEXT TO THE APARTMENT COMPLEX. IT’S BEEN ONGOING FOR 48 HOURS AND IS CAUSING SEVERE SLEEP DEPRIVATION. IMMEDIATE INTERVENTION REQUIRED. LIVES AND PROPERTY ARE AT RISK NEAR A SENSITIVE AREA. PLEASE DISPATCH EMERGENCY MUNICIPAL CREWS NOW.",submitted,2025-12-01T00:00:00,Chicago,IL,USA,41.87764378678463,-87.625618748465,Public Safety,,critical,9.7,10,10,45
RPT-804219,garbage,URGENT: Illegal dumping at the commercial intersection is blocking the pedestrian crossing. It's a health hazard and completely unsightly for local business owners. This situation is impacting hundreds of people on this main road and requires a crew immediately. It's becoming a major liability for the city.,submitted,2026-01-01T00:00:00,New York,NY,USA,40.71311719199384,-74.00554477194994,Sanitation,,high,7.36,7,8,36
RPT-899460,drainage,Water isn't draining at all after the storm. There's a massive pool in front of the school entrance.,in-progress,2025-10-23T00:00:00,New York,NY,USA,40.74131975906668,-74.02260237729593,Drainage Authority,,medium,5.52,9,5,7
RPT-478804,illegal_parking,Van has been abandoned here for weeks with a flat tire. It's taking up a spot that residents need.,resolved,2025-07-02T00:00:00,New York,NY,USA,40.74593870954225,-74.01321971225961,Traffic Department,2025-07-12T00:00:00,critical,8.88,9,8,48
RPT-955347,noise,"EMERGENCY: CONSTANT, HIGH-DECIBEL INDUSTRIAL HUMMING COMING FROM THE SITE NEXT TO THE APARTMENT COMPLEX. IT’S BEEN ONGOING FOR 48 HOURS AND IS CAUSING SEVERE SLEEP DEPRIVATION. IMMEDIATE INTERVENTION REQUIRED. LIVES AND PROPERTY ARE AT RISK NEAR A SENSITIVE AREA. PLEASE DISPATCH EMERGENCY MUNICIPAL CREWS NOW.",submitted,2026-01-25T00:00:00,Houston,TX,USA,29.76479403379151,-95.3703184263578,Public Safety,,critical,10.0,10,10,50
RPT-418857,illegal-dumping,Old mattresses dumped near recycling center.,resolved,2024-03-08T17:22:00,Concord,California,USA,37.9624,-122.0231,Sanitation,2024-03-09T12:19:00,low,2.3,2,2,15
RPT-531129,pothole,URGENT: The pothole on the main road is getting deeper and I've seen three cars swerve into the opposite lane to avoid it today. It's a significant safety risk during rush hour. This situation is impacting hundreds of people on this main road and requires a crew immediately. It's becoming a major liability for the city.,submitted,2026-02-06T00:00:00,Chicago,IL,USA,41.878893612889286,-87.6333515996018,Roads & Highways,,high,7.4,8,8,30
RPT-918619,water_leakage,Emergency: Water main break flooding the street.,resolved,2025-11-13T19:29:14.032064,Houston,TX,USA,29.75326243048389,-95.36823303584563,Water Department,2025-11-23T19:29:14.032064,low,1.24,1,1,9
RPT-798776,pothole,"There is a deep, jagged pothole right on the turn of 5th and Main. It's dangerous, especially at night when you can't see it.",resolved,2025-06-03T00:00:00,Houston,TX,USA,29.794951816747,-95.32892174336727,Roads & Highways,2025-06-11T00:00:00,medium,6.54,9,9,4
RPT-852360,garbage,"Residents are putting out trash on the wrong days, and it's piling up in front of my driveway.",submitted,2025-12-26T20:38:18.159336,Chicago,IL,USA,41.88394333585772,-87.6238200214268,Sanitation,,medium,5.56,7,2,36
RPT-650677,other,Damaged park fencing is a hazard for children playing nearby.,resolved,2024-05-30T15:54:00,Brooklyn,NY,USA,40.721,-73.951,Parks & Recreation,2024-06-01T11:08:00,medium,4.6,4,5,25
RPT-709901,noise,"EMERGENCY: CONSTANT, HIGH-DECIBEL INDUSTRIAL HUMMING COMING FROM THE SITE NEXT TO THE APARTMENT COMPLEX. IT’S BEEN ONGOING FOR 48 HOURS AND IS CAUSING SEVERE SLEEP DEPRIVATION. IMMEDIATE INTERVENTION REQUIRED. LIVES AND PROPERTY ARE AT RISK NEAR A SENSITIVE AREA. PLEASE DISPATCH EMERGENCY MUNICIPAL CREWS NOW.",submitted,2025-06-13T00:00:00,Los Angeles,CA,USA,34.0484480575648,-118.24408037196255,Public Safety,,critical,9.7,10,9,50
RPT-266435,drainage,"URGENT: The storm drain is partially collapsed and blocked with heavy debris. With rain in the forecast, the surrounding residential area is at high risk of flooding. This situation is impacting hundreds of people on this main road and requires a crew immediately. It's becoming a major liability for the city.",submitted,2025-09-27T00:00:00,New York,NY,USA,40.70896726185018,-74.00317140748385,Drainage Authority,,high,8.32,7,9,47
RPT-370033,water_leakage,"URGENT: A significant water leak near the school entrance is creating a large, slippery pond. It's wasting city resources and making it hard for kids to get to class. This situation is impacting hundreds of people on this main road and requires a crew immediately. It's becoming a major liability for the city.",submitted,2026-04-23T00:00:00,Chicago,IL,USA,41.87774944304188,-87.62568969319952,Water Department,,high,7.42,7,8,37
RPT-547747,illegal-dumping,Abandoned mattress and bags of trash left beside the railroad tracks.,submitted,2024-06-10T20:04:00,Garfield,New Jersey,USA,40.8812,-74.1132,Sanitation,,medium,4.48,1,7,33
RPT-493267,garbage,URGENT: Illegal dumping at the commercial intersection is blocking the pedestrian crossing. It's a health hazard and completely unsightly for local business owners. This situation is impacting hundreds of people on this main road and requires a crew immediately. It's becoming a major liability for the city.,submitted,2025-07-06T00:00:00,Houston,TX,USA,29.76128233267927,-95.36554371492754,Sanitation,,high,7.42,7,7,42
RPT-633004,drainage,"Manhole cover is rattling loudly whenever a car drives over it, and the area around it is caved in.",resolved,2025-09-23T20:38:18.157769,Los Angeles,CA,USA,34.05251423895306,-118.23409037493651,Drainage Authority,2025-09-26T20:38:18.157769,medium,5.16,6,5,21
RPT-256925,garbage,"Garbage truck missed our block again. Overflowing bins are attracting rats, and the smell is unbearable.",resolved,2025-09-11T20:38:18.157411,Houston,TX,USA,29.7649658794116,-95.36286736819316,Sanitation,2025-09-18T20:38:18.157411,low,2.9,2,5,10
RPT-940234,water_leakage,"URGENT: A significant water leak near the school entrance is creating a large, slippery pond. It's wasting city resources and making it hard for kids to get to class. This situation is impacting hundreds of people on this main road and requires a crew immediately. It's becoming a major liability for the city.",submitted,2025-09-16T00:00:00,Houston,TX,USA,29.764126927021834,-95.37398068579289,Water Department,,high,8.02,7,9,42
RPT-772397,illegal_parking,"Vehicle abandoned for weeks, taking up valuable street parking.",submitted,2025-03-07T00:00:00,New York,NY,USA,40.73662687965006,-73.96813198852983,Traffic Department,,medium,5.64,9,3,19
RPT-556077,water_leakage,Water leaking into the basement from the street side. Notified the landlord but it looks like a city issue.,resolved,2025-11-19T20:38:18.158418,New York,NY,USA,40.71374905970015,-73.99825871516686,Water Department,2025-11-23T20:38:18.158418,medium,4.28,5,5,13
RPT-888539,streetlight,URGENT: The entire block's streetlights are out near the hospital parking zone. It feels extremely unsafe for the night shift staff walking to their vehicles. This situation is impacting hundreds of people on this main road and requires a crew immediately. It's becoming a major liability for the city.,submitted,2025-06-05T00:00:00,Los Angeles,CA,USA,34.04968110555125,-118.24037150162457,Electrical Department,,high,7.4,8,8,30
RPT-607178,water_leakage,It's really frustrating that water is leaking from the hydrant and flooding the street.  It's creating an eyesore for the neighborhood.,in-progress,2025-11-30T19:27:31.183566,Houston,TX,USA,29.768009198407277,-95.37705676735062,Water Department,,high,8.3,8,8,45
RPT-788299,pothole,EMERGENCY: THE POTHOLE ON THE MAIN ROAD IS GETTING DEEPER AND I'VE SEEN THREE CARS SWERVE INTO THE OPPOSITE LANE TO AVOID IT TODAY. IT'S A SIGNIFICANT SAFETY RISK DURING RUSH HOUR. IMMEDIATE INTERVENTION REQUIRED. LIVES AND PROPERTY ARE AT RISK NEAR A SENSITIVE AREA. PLEASE DISPATCH EMERGENCY MUNICIPAL CREWS NOW.,submitted,2025-12-21T00:00:00,Chicago,IL,USA,41.87767264580261,-87.63360911987286,Roads & Highways,,critical,9.88,10,10,48
RPT-351737,illegal_parking,"URGENT: Multiple vehicles are double-parked along the main commercial strip, forcing buses to stop in the middle of the road and creating a total traffic deadlock. This situation is impacting hundreds of people on this main road and requires a crew immediately. It's becoming a major liability for the city.",submitted,2026-04-22T00:00:00,Phoenix,AZ,USA,33.447244649914886,-112.0698489889886,Traffic Department,,high,7.6,7,7,45
RPT-678152,illegal_parking,Truck blocking the driveway. I can't get my car out to go to work.,submitted,2025-12-19T19:29:14.031653,Phoenix,AZ,USA,33.45030625007912,-112.07800440157494,Traffic Department,,medium,4.54,1,8,29
RPT-330789,pothole,Small pothole turning into a larger crater. Should be patched before it gets worse.,submitted,2025-07-18T19:29:14.033626,Los Angeles,CA,USA,34.04933500116446,-118.25162695152248,Roads & Highways,,medium,4.58,2,8,23
RPT-107600,water_leakage,Water leaking into the basement from the street side. Notified the landlord but it looks like a city issue.,in-progress,2025-12-26T20:38:18.156382,Phoenix,AZ,USA,33.45295920028834,-112.07281562398344,Water Department,,high,8.0,8,9,35
RPT-241548,pothole,Small pothole turning into a larger crater. Should be patched before it gets worse.,submitted,2025-09-27T19:29:14.031807,Houston,TX,USA,29.76671536500844,-95.36937686222758,Roads & Highways,,low,3.94,4,3,24
RPT-985182,drainage,"EMERGENCY: THE STORM DRAIN IS PARTIALLY COLLAPSED AND BLOCKED WITH HEAVY DEBRIS. WITH RAIN IN THE FORECAST, THE SURROUNDING RESIDENTIAL AREA IS AT HIGH RISK OF FLOODING. IMMEDIATE INTERVENTION REQUIRED. LIVES AND PROPERTY ARE AT RISK NEAR A SENSITIVE AREA. PLEASE DISPATCH EMERGENCY MUNICIPAL CREWS NOW.",submitted,2025-05-28T00:00:00,Los Angeles,CA,USA,34.05211494864821,-118.24472313083952,Drainage Authority,,critical,9.48,9,10,48
RPT-195473,noise,"EMERGENCY: CONSTANT, HIGH-DECIBEL INDUSTRIAL HUMMING COMING FROM THE SITE NEXT TO THE APARTMENT COMPLEX. IT’S BEEN ONGOING FOR 48 HOURS AND IS CAUSING SEVERE SLEEP DEPRIVATION. IMMEDIATE INTERVENTION REQUIRED. LIVES AND PROPERTY ARE AT RISK NEAR A SENSITIVE AREA. PLEASE DISPATCH EMERGENCY MUNICIPAL CREWS NOW.",submitted,2025-06-22T00:00:00,New York,NY,USA,40.71528282326662,-74.00699700745831,Public Safety,,critical,9.7,10,9,50
RPT-230991,drainage,"URGENT: The storm drain is partially collapsed and blocked with heavy debris. With rain in the forecast, the surrounding residential area is at high risk of flooding. This situation is impacting hundreds of people on this main road and requires a crew immediately. It's becoming a major liability for the city.",submitted,2025-05-13T00:00:00,Phoenix,AZ,USA,33.446767434434726,-112.07343641118707,Drainage Authority,,high,7.6,7,9,35
RPT-979130,drainage,"EMERGENCY: THE STORM DRAIN IS PARTIALLY COLLAPSED AND BLOCKED WITH HEAVY DEBRIS. WITH RAIN IN THE FORECAST, THE SURROUNDING RESIDENTIAL AREA IS AT HIGH RISK OF FLOODING. IMMEDIATE INTERVENTION REQUIRED. LIVES AND PROPERTY ARE AT RISK NEAR A SENSITIVE AREA. PLEASE DISPATCH EMERGENCY MUNICIPAL CREWS NOW.",submitted,2025-12-13T00:00:00,Los Angeles,CA,USA,34.05318916275439,-118.24058176774707,Drainage Authority,,critical,9.64,10,9,49
RPT-113237,water-leak,Leaking water main near school entrance.,resolved,2023-08-16T11:36:00,Chicago,IL,USA,41.8691,-87.6585,Water Services,2023-08-18T17:13:00,medium,5.44,4,7,29
RPT-370416,drainage,"Water pooling on the curb, not draining into the storm sewer.",resolved,2025-04-28T00:00:00,Chicago,IL,USA,41.82955311781903,-87.66954391948519,Drainage Authority,2025-05-02T00:00:00,medium,6.04,7,7,19
RPT-193341,water_leakage,"Constant water bubbling up from under the pavement. Looks like a main pipe leak, very wasteful.",resolved,2026-02-02T20:38:18.158577,New York,NY,USA,40.71499476864649,-73.99687112934784,Water Department,2026-02-10T20:38:18.158577,high,7.86,9,7,36
RPT-482410,pothole,Pothole is getting worse every time it rains. It's deep and causing cars to swerve into oncoming traffic.,submitted,2025-06-14T20:38:18.158732,Houston,TX,USA,29.765482583657608,-95.36576882966428,Roads & Highways,,medium,6.84,6,5,49
RPT-652185,pothole,"Deep pothole forming near the school zone, dangerous for buses and students.",submitted,2024-06-05T08:29:00,Brooklyn,NY,USA,40.689,-73.991,Roads & Highways,,medium,5.7,9,3,20
RPT-644986,garbage,I've noticed that garbage collection seems to have been missed this week.  I'm concerned about safety here.,resolved,2025-05-06T19:27:31.181968,Houston,TX,USA,29.772446493278554,-95.3522399302984,Sanitation,2025-05-12T19:27:31.181968,medium,4.5,3,2,45
RPT-246897,pothole,"There is a deep, jagged pothole right on the turn of 5th and Main. It's dangerous, especially at night when you can't see it.",in-progress,2025-11-28T00:00:00,Chicago,IL,USA,41.88001028088653,-87.60704277562013,Roads & Highways,,medium,6.04,7,8,14
RPT-701053,garbage,"Trash overflowing from the bins, attracting pests and smells.",resolved,2025-03-01T00:00:00,Phoenix,AZ,USA,33.47875310178119,-112.026124404622,Sanitation,2025-03-03T00:00:00,high,7.24,10,5,29
RPT-697235,pothole,"Deep crater in the road, extremely dangerous for cyclists.",resolved,2025-05-09T00:00:00,Chicago,IL,USA,41.86741114615432,-87.58428161508685,Roads & Highways,2025-05-17T00:00:00,low,3.82,1,8,17
RPT-719671,noise,"URGENT: Constant, high-decibel industrial humming coming from the site next to the apartment complex. It’s been ongoing for 48 hours and is causing severe sleep deprivation. This situation is impacting hundreds of people on this main road and requires a crew immediately. It's becoming a major liability for the city.",submitted,2026-01-21T00:00:00,Houston,TX,USA,29.7624798917982,-95.3740141302184,Public Safety,,high,7.22,8,7,32
RPT-597676,garbage,EMERGENCY: ILLEGAL DUMPING AT THE COMMERCIAL INTERSECTION IS BLOCKING THE PEDESTRIAN CROSSING. IT'S A HEALTH HAZARD AND COMPLETELY UNSIGHTLY FOR LOCAL BUSINESS OWNERS. IMMEDIATE INTERVENTION REQUIRED. LIVES AND PROPERTY ARE AT RISK NEAR A SENSITIVE AREA. PLEASE DISPATCH EMERGENCY MUNICIPAL CREWS NOW.,submitted,2025-08-06T00:00:00,Los Angeles,CA,USA,34.05107386032695,-118.24678480305934,Sanitation,,critical,9.7,10,10,45
RPT-700130,drainage,"URGENT: The storm drain is partially collapsed and blocked with heavy debris. With rain in the forecast, the surrounding residential area is at high risk of flooding. This situation is impacting hundreds of people on this main road and requires a crew immediately. It's becoming a major liability for the city.",submitted,2025-12-01T00:00:00,New York,NY,USA,40.71414304457808,-74.00332107006447,Drainage Authority,,high,7.78,7,7,48
RPT-316060,illegal-dumping,Illegal dumping of electronics in vacant lot.,closed,2024-05-26T13:31:00,Brooklyn,NY,USA,40.65,-73.95,Sanitation,2024-05-28T09:12:00,medium,5.88,3,7,43
RPT-224164,illegal_parking,Truck blocking the driveway. I can't get my car out to go to work.,submitted,2025-11-21T19:29:14.031284,Chicago,IL,USA,41.88750742714003,-87.62939083250146,Traffic Department,,low,3.62,2,5,22
RPT-584817,noise,Loud music at night from nearby club.,submitted,2023-09-12T23:54:00,Chicago,IL,USA,41.9874,-87.6609,Noise Control,,medium,4.14,3,2,39
RPT-927143,garbage,Please look into litter is accumulating in the alleyway and creating a mess.  This has been happening for a while now.,resolved,2025-10-21T19:27:31.182728,Los Angeles,CA,USA,34.0370973761277,-118.24678441624307,Sanitation,2025-10-28T19:27:31.182728,low,2.98,1,8,3
RPT-741381,illegal_parking,Car parked on the sidewalk forcing pedestrians into the road.,submitted,2026-01-28T19:29:14.032764,Houston,TX,USA,29.76234345417176,-95.36308321035706,Traffic Department,,low,3.06,3,1,26
RPT-535720,water-leak,"Water leaking from pipe in alley, visible puddle forming.",submitted,2024-06-05T12:06:00,New York,NY,USA,40.73,-73.987,Water Management,,medium,5.18,2,7,38
RPT-325564,garbage,Public waste container is completely full. Need an extra collection.,in-progress,2025-05-27T19:29:14.033241,Phoenix,AZ,USA,33.44929588700394,-112.07042841306377,Sanitation,,low,3.46,1,2,41
RPT-901586,garbage,EMERGENCY: ILLEGAL DUMPING AT THE COMMERCIAL INTERSECTION IS BLOCKING THE PEDESTRIAN CROSSING. IT'S A HEALTH HAZARD AND COMPLETELY UNSIGHTLY FOR LOCAL BUSINESS OWNERS. IMMEDIATE INTERVENTION REQUIRED. LIVES AND PROPERTY ARE AT RISK NEAR A SENSITIVE AREA. PLEASE DISPATCH EMERGENCY MUNICIPAL CREWS NOW.,submitted,2026-04-02T00:00:00,Los Angeles,CA,USA,34.05052419196652,-118.2444475563009,Sanitation,,critical,9.58,10,9,48
RPT-313005,illegal_parking,Car parked directly in front of my driveway. I have an appointment and cannot get my car out.,in-progress,2026-04-06T20:38:18.158819,Chicago,IL,USA,41.88751558268699,-87.62263535191167,Traffic Department,,low,2.92,1,4,22
RPT-736240,pothole,URGENT: The pothole on the main road is getting deeper and I've seen three cars swerve into the opposite lane to avoid it today. It's a significant safety risk during rush hour. This situation is impacting hundreds of people on this main road and requires a crew immediately. It's becoming a major liability for the city.,submitted,2026-03-30T00:00:00,Chicago,IL,USA,41.87466416200965,-87.63327897609952,Roads & Highways,,high,8.3,8,8,45
RPT-506120,water_leakage,Water leaking into the basement from the street side. Notified the landlord but it looks like a city issue.,in-progress,2025-09-13T20:38:18.158861,New York,NY,USA,40.71555802164146,-74.00077259249821,Water Department,,medium,4.62,3,4,37
RPT-298544,streetlight,EMERGENCY: THE ENTIRE BLOCK'S STREETLIGHTS ARE OUT NEAR THE HOSPITAL PARKING ZONE. IT FEELS EXTREMELY UNSAFE FOR THE NIGHT SHIFT STAFF WALKING TO THEIR VEHICLES. IMMEDIATE INTERVENTION REQUIRED. LIVES AND PROPERTY ARE AT RISK NEAR A SENSITIVE AREA. PLEASE DISPATCH EMERGENCY MUNICIPAL CREWS NOW.,submitted,2026-04-19T00:00:00,Houston,TX,USA,29.75798922094064,-95.3714633091786,Electrical Department,,critical,9.06,9,9,46
RPT-625563,water_leakage,"Low water pressure all day, and I see water pooling near the curb. Please investigate.",resolved,2026-03-02T20:38:18.156773,Los Angeles,CA,USA,34.06085484858539,-118.24177343404294,Water Department,2026-03-12T20:38:18.156773,medium,4.62,3,6,27
RPT-358256,noise,Barking dogs left unattended for hours in the backyard. Extremely disruptive.,submitted,2025-07-07T19:29:14.032488,New York,NY,USA,40.7084762237272,-74.00075266510603,Public Safety,,medium,5.24,2,8,34
RPT-928956,pothole,Pothole on the right-hand lane causing tire damage for several cars.,resolved,2024-03-13T07:20:00,San Jose,California,USA,37.3525,-121.9009,Public Works,2024-03-14T18:05:00,medium,4.64,2,7,29
RPT-232191,streetlight,EMERGENCY: THE ENTIRE BLOCK'S STREETLIGHTS ARE OUT NEAR THE HOSPITAL PARKING ZONE. IT FEELS EXTREMELY UNSAFE FOR THE NIGHT SHIFT STAFF WALKING TO THEIR VEHICLES. IMMEDIATE INTERVENTION REQUIRED. LIVES AND PROPERTY ARE AT RISK NEAR A SENSITIVE AREA. PLEASE DISPATCH EMERGENCY MUNICIPAL CREWS NOW.,submitted,2026-03-30T00:00:00,Los Angeles,CA,USA,34.05656943575315,-118.24069337052828,Electrical Department,,critical,9.6,9,10,50
RPT-318324,drainage,Please look into a large blockage in the storm drain is causing road safety concerns.  This needs immediate attention.,resolved,2025-10-13T19:27:31.183821,Houston,TX,USA,29.78031730980526,-95.37026055537044,Drainage Authority,2025-10-14T19:27:31.183821,medium,4.62,6,5,12
RPT-125718,water-leak,Water leak at city park restrooms.,resolved,2024-03-08T15:03:00,Alameda,California,USA,37.7739,-122.2636,Water Department,2024-03-09T13:44:00,medium,5.54,2,7,44
RPT-868806,drainage,"URGENT: The storm drain is partially collapsed and blocked with heavy debris. With rain in the forecast, the surrounding residential area is at high risk of flooding. This situation is impacting hundreds of people on this main road and requires a crew immediately. It's becoming a major liability for the city.",submitted,2026-03-29T00:00:00,Chicago,IL,USA,41.88158296388018,-87.62777637977422,Drainage Authority,,high,7.64,8,7,39
RPT-994977,noise,Unusually loud vehicle engine noise repeatedly circling the block.,resolved,2025-06-26T00:00:00,Chicago,IL,USA,41.87762041700736,-87.58615155279969,Public Safety,2025-06-28T00:00:00,medium,4.82,5,4,27
RPT-785462,streetlight,"Streetlight flickers, sometimes goes completely dark.",in-progress,2023-08-12T22:29:00,Chicago,IL,USA,41.9784,-87.6848,Electrical Services,,medium,4.34,2,7,24
RPT-416653,noise,Barking dogs left unattended for hours in the backyard. Extremely disruptive.,resolved,2025-11-21T19:29:14.032560,Houston,TX,USA,29.762152255630184,-95.36615722252046,Public Safety,2025-11-30T19:29:14.032560,medium,4.92,3,8,22
RPT-547504,pothole,Small pothole turning into a larger crater. Should be patched before it gets worse.,resolved,2025-07-11T19:29:14.031916,Houston,TX,USA,29.7575197455436,-95.3699011385334,Roads & Highways,2025-07-15T19:29:14.031916,low,3.64,1,5,29
RPT-352231,streetlight,URGENT: The entire block's streetlights are out near the hospital parking zone. It feels extremely unsafe for the night shift staff walking to their vehicles. This situation is impacting hundreds of people on this main road and requires a crew immediately. It's becoming a major liability for the city.,submitted,2026-03-08T00:00:00,Chicago,IL,USA,41.88078020047696,-87.62939177548424,Electrical Department,,high,7.16,8,7,31
RPT-745156,water_leakage,Emergency: Water main break flooding the street.,in-progress,2025-05-21T19:29:14.031598,Phoenix,AZ,USA,33.44299455809752,-112.08140036792794,Water Department,,medium,6.24,3,8,44
RPT-146433,drainage,"EMERGENCY: THE STORM DRAIN IS PARTIALLY COLLAPSED AND BLOCKED WITH HEAVY DEBRIS. WITH RAIN IN THE FORECAST, THE SURROUNDING RESIDENTIAL AREA IS AT HIGH RISK OF FLOODING. IMMEDIATE INTERVENTION REQUIRED. LIVES AND PROPERTY ARE AT RISK NEAR A SENSITIVE AREA. PLEASE DISPATCH EMERGENCY MUNICIPAL CREWS NOW.",submitted,2025-08-07T00:00:00,Phoenix,AZ,USA,33.44906566286401,-112.07010956169933,Drainage Authority,,critical,9.54,9,10,49
RPT-387258,pothole,EMERGENCY: THE POTHOLE ON THE MAIN ROAD IS GETTING DEEPER AND I'VE SEEN THREE CARS SWERVE INTO THE OPPOSITE LANE TO AVOID IT TODAY. IT'S A SIGNIFICANT SAFETY RISK DURING RUSH HOUR. IMMEDIATE INTERVENTION REQUIRED. LIVES AND PROPERTY ARE AT RISK NEAR A SENSITIVE AREA. PLEASE DISPATCH EMERGENCY MUNICIPAL CREWS NOW.,submitted,2026-02-18T00:00:00,New York,NY,USA,40.71395092527977,-74.01069941394066,Roads & Highways,,critical,9.18,9,9,48
RPT-902011,streetlight,EMERGENCY: THE ENTIRE BLOCK'S STREETLIGHTS ARE OUT NEAR THE HOSPITAL PARKING ZONE. IT FEELS EXTREMELY UNSAFE FOR THE NIGHT SHIFT STAFF WALKING TO THEIR VEHICLES. IMMEDIATE INTERVENTION REQUIRED. LIVES AND PROPERTY ARE AT RISK NEAR A SENSITIVE AREA. PLEASE DISPATCH EMERGENCY MUNICIPAL CREWS NOW.,submitted,2026-04-30T00:00:00,Houston,TX,USA,29.756172944778587,-95.37128253866788,Electrical Department,,critical,9.82,10,10,47
RPT-233757,drainage,"URGENT: The storm drain is partially collapsed and blocked with heavy debris. With rain in the forecast, the surrounding residential area is at high risk of flooding. This situation is impacting hundreds of people on this main road and requires a crew immediately. It's becoming a major liability for the city.",submitted,2025-10-19T00:00:00,New York,NY,USA,40.708129238772585,-74.00205468832525,Drainage Authority,,high,8.06,8,8,41
RPT-293835,other,"Broken bench in the park near the playground, potential safety hazard for children.",submitted,2024-06-05T15:12:00,Brooklyn,NY,USA,40.66,-73.973,Parks & Recreation,,medium,5.3,5,5,30
RPT-200884,noise,Loud construction noise every morning before 7am.,submitted,2023-07-30T06:45:00,Chicago,IL,USA,41.8646,-87.624,Noise Control,,low,2.0,2,2,10
RPT-885363,garbage,It's really frustrating that litter is accumulating in the alleyway and creating a mess.  This needs immediate attention.,in-progress,2025-11-21T19:27:31.183692,Phoenix,AZ,USA,33.4625119408419,-112.0605788520399,Sanitation,,low,2.94,3,4,9
RPT-215610,water_leakage,Water leaking into the basement from the street side. Notified the landlord but it looks like a city issue.,in-progress,2026-04-08T20:38:18.156317,New York,NY,USA,40.71920059386505,-74.00142028089456,Water Department,,high,7.34,8,8,29
RPT-321246,water_leakage,"Pipe burst on the sidewalk. Water has been running for hours, creating a massive ice patch.",resolved,2026-01-01T20:38:18.156559,Houston,TX,USA,29.76992949320736,-95.36478585716088,Water Department,2026-01-02T20:38:18.156559,high,7.06,7,5,46
RPT-809854,other,Broken bench at bus stop needs fixing.,resolved,2023-08-24T09:12:00,Chicago,IL,USA,41.9474,-87.6536,Public Works,2023-08-27T12:34:00,medium,4.62,6,7,2
RPT-743112,drainage,"URGENT: The storm drain is partially collapsed and blocked with heavy debris. With rain in the forecast, the surrounding residential area is at high risk of flooding. This situation is impacting hundreds of people on this main road and requires a crew immediately. It's becoming a major liability for the city.",submitted,2025-06-10T00:00:00,Phoenix,AZ,USA,33.449796332530475,-112.07161945083044,Drainage Authority,,high,8.38,7,9,48
RPT-163147,noise,"URGENT: Constant, high-decibel industrial humming coming from the site next to the apartment complex. It’s been ongoing for 48 hours and is causing severe sleep deprivation. This situation is impacting hundreds of people on this main road and requires a crew immediately. It's becoming a major liability for the city.",submitted,2025-06-06T00:00:00,New York,NY,USA,40.71618479168047,-74.00702064249487,Public Safety,,high,7.58,8,7,38
RPT-842315,drainage,I've noticed that there is standing water near the curb due to drainage issues.  This has been happening for a while now.,in-progress,2025-11-28T19:27:31.181757,Chicago,IL,USA,41.86095325537693,-87.63577978675127,Drainage Authority,,low,3.44,2,5,19
RPT-909049,drainage,"EMERGENCY: THE STORM DRAIN IS PARTIALLY COLLAPSED AND BLOCKED WITH HEAVY DEBRIS. WITH RAIN IN THE FORECAST, THE SURROUNDING RESIDENTIAL AREA IS AT HIGH RISK OF FLOODING. IMMEDIATE INTERVENTION REQUIRED. LIVES AND PROPERTY ARE AT RISK NEAR A SENSITIVE AREA. PLEASE DISPATCH EMERGENCY MUNICIPAL CREWS NOW.",submitted,2025-12-01T00:00:00,Houston,TX,USA,29.76431587885057,-95.37376377798856,Drainage Authority,,critical,9.7,10,10,45
RPT-257723,garbage,"Garbage scattered near bus stop, littering the area.",submitted,2024-06-05T17:39:00,Brooklyn,NY,USA,40.646,-73.95,Sanitation,,low,3.04,1,7,9
RPT-314245,drainage,"URGENT: The storm drain is partially collapsed and blocked with heavy debris. With rain in the forecast, the surrounding residential area is at high risk of flooding. This situation is impacting hundreds of people on this main road and requires a crew immediately. It's becoming a major liability for the city.",submitted,2025-09-04T00:00:00,Phoenix,AZ,USA,33.44792209874447,-112.07502219702371,Drainage Authority,,high,8.48,8,8,48
RPT-687954,pothole,It's really frustrating that a dangerous crater forming on the side of the road.  I'm concerned about safety here.,in-progress,2025-12-29T19:27:31.180911,Phoenix,AZ,USA,33.437763899810506,-112.0653139645933,Roads & Highways,,high,7.98,9,9,28
RPT-788035,pothole,EMERGENCY: THE POTHOLE ON THE MAIN ROAD IS GETTING DEEPER AND I'VE SEEN THREE CARS SWERVE INTO THE OPPOSITE LANE TO AVOID IT TODAY. IT'S A SIGNIFICANT SAFETY RISK DURING RUSH HOUR. IMMEDIATE INTERVENTION REQUIRED. LIVES AND PROPERTY ARE AT RISK NEAR A SENSITIVE AREA. PLEASE DISPATCH EMERGENCY MUNICIPAL CREWS NOW.,submitted,2025-11-19T00:00:00,New York,NY,USA,40.70809087565548,-74.00608295484,Roads & Highways,,critical,9.82,10,10,47
RPT-656118,pothole,Several small potholes making bike lane hazardous.,in-progress,2024-06-04T18:22:00,New York,NY,USA,40.749,-73.99,Roads & Highways,,low,3.56,2,2,36
RPT-268164,streetlight,URGENT: The entire block's streetlights are out near the hospital parking zone. It feels extremely unsafe for the night shift staff walking to their vehicles. This situation is impacting hundreds of people on this main road and requires a crew immediately. It's becoming a major liability for the city.,submitted,2025-12-10T00:00:00,Houston,TX,USA,29.763078018306405,-95.36928453303962,Electrical Department,,high,8.0,8,9,35
RPT-178015,water-leak,"Water pooling at the curb near 23rd St, possibly from a burst pipe.",resolved,2024-06-14T13:39:00,Englewood,New Jersey,USA,40.8922,-73.9733,Waterworks,2024-06-16T09:03:00,medium,5.02,1,7,42
RPT-669057,streetlight,EMERGENCY: THE ENTIRE BLOCK'S STREETLIGHTS ARE OUT NEAR THE HOSPITAL PARKING ZONE. IT FEELS EXTREMELY UNSAFE FOR THE NIGHT SHIFT STAFF WALKING TO THEIR VEHICLES. IMMEDIATE INTERVENTION REQUIRED. LIVES AND PROPERTY ARE AT RISK NEAR A SENSITIVE AREA. PLEASE DISPATCH EMERGENCY MUNICIPAL CREWS NOW.,submitted,2026-01-24T00:00:00,New York,NY,USA,40.716561827828585,-74.00525407265836,Electrical Department,,critical,9.42,9,10,47
RPT-489202,garbage,Construction debris scattered near sidewalk.,submitted,2024-03-14T09:34:00,Oakland,California,USA,37.8284,-122.2639,Sanitation,,low,3.7,1,2,45
RPT-294744,streetlight,It's really frustrating that the streetlight lens is broken and the bulb is exposed.  This needs immediate attention.,in-progress,2025-11-11T19:27:31.182416,Chicago,IL,USA,41.89762765788907,-87.63213226346866,Electrical Department,,medium,4.88,5,9,3
RPT-785341,pothole,Deep pothole at the intersection of Main St and Jefferson Ave.,resolved,2024-06-09T16:14:00,Somerville,New Jersey,USA,40.5732,-74.6098,Roads,2024-06-10T18:41:00,medium,4.6,4,8,10
RPT-378638,streetlight,There is a serious issue with the streetlight lens is broken and the bulb is exposed.  I'm concerned about safety here.,resolved,2025-12-03T19:27:31.182544,Chicago,IL,USA,41.89170629639973,-87.64258318029707,Electrical Department,2025-12-09T19:27:31.182544,high,7.54,10,7,24
RPT-782797,water_leakage,"EMERGENCY: A SIGNIFICANT WATER LEAK NEAR THE SCHOOL ENTRANCE IS CREATING A LARGE, SLIPPERY POND. IT'S WASTING CITY RESOURCES AND MAKING IT HARD FOR KIDS TO GET TO CLASS. IMMEDIATE INTERVENTION REQUIRED. LIVES AND PROPERTY ARE AT RISK NEAR A SENSITIVE AREA. PLEASE DISPATCH EMERGENCY MUNICIPAL CREWS NOW.",submitted,2025-09-06T00:00:00,Chicago,IL,USA,41.87319865342794,-87.62846907097472,Water Department,,critical,9.54,9,10,49
RPT-444746,other,Playground swingset missing safety bolts.,submitted,2024-03-14T15:09:00,San Diego,California,USA,32.6933,-117.1247,Parks & Recreation,,low,3.66,3,3,26
RPT-630626,water_leakage,Water bubbling up from the ground near the hydrant. Looks like a major leak.,resolved,2025-06-24T19:29:14.032841,Los Angeles,CA,USA,34.051207197952245,-118.25156375546918,Water Department,2025-07-03T19:29:14.032841,low,3.42,3,1,32
RPT-217353,illegal_parking,"URGENT: Multiple vehicles are double-parked along the main commercial strip, forcing buses to stop in the middle of the road and creating a total traffic deadlock. This situation is impacting hundreds of people on this main road and requires a crew immediately. It's becoming a major liability for the city.",submitted,2026-01-12T00:00:00,Los Angeles,CA,USA,34.049060779310416,-118.24328725039804,Traffic Department,,high,7.88,8,9,33
RPT-980623,drainage,"URGENT: The storm drain is partially collapsed and blocked with heavy debris. With rain in the forecast, the surrounding residential area is at high risk of flooding. This situation is impacting hundreds of people on this main road and requires a crew immediately. It's becoming a major liability for the city.",submitted,2026-02-05T00:00:00,New York,NY,USA,40.71377253107265,-74.0059278321248,Drainage Authority,,high,8.24,8,8,44
RPT-283415,drainage,Can someone please fix the drainage system isn't working properly after the rain.  This has been happening for a while now.,in-progress,2025-10-31T19:27:31.182975,Phoenix,AZ,USA,33.44319157177894,-112.06322304548164,Drainage Authority,,low,3.78,3,1,38
RPT-746714,pothole,URGENT: The pothole on the main road is getting deeper and I've seen three cars swerve into the opposite lane to avoid it today. It's a significant safety risk during rush hour. This situation is impacting hundreds of people on this main road and requires a crew immediately. It's becoming a major liability for the city.,submitted,2026-02-11T00:00:00,Houston,TX,USA,29.76156440393974,-95.36862549568812,Roads & Highways,,high,7.18,7,7,38
RPT-819518,water_leakage,"Constant water bubbling up from under the pavement. Looks like a main pipe leak, very wasteful.",in-progress,2025-12-13T20:38:18.157234,Phoenix,AZ,USA,33.44888819743313,-112.0697178990105,Water Department,,medium,5.6,8,2,30
RPT-659539,drainage,The sewer grate is rusted and sunken. It makes a loud clanging noise every time a car drives over it.,resolved,2025-06-10T00:00:00,New York,NY,USA,40.68857103656249,-73.9595230404889,Drainage Authority,2025-06-20T00:00:00,low,3.5,5,4,5
RPT-929637,garbage,I've noticed that there is illegal dumping of furniture and appliances on the sidewalk.  This has been happening for a while now.,submitted,2025-11-12T19:27:31.183247,Los Angeles,CA,USA,34.05023599407382,-118.24625481689506,Sanitation,,medium,6.06,3,8,41
RPT-335279,noise,"EMERGENCY: CONSTANT, HIGH-DECIBEL INDUSTRIAL HUMMING COMING FROM THE SITE NEXT TO THE APARTMENT COMPLEX. IT’S BEEN ONGOING FOR 48 HOURS AND IS CAUSING SEVERE SLEEP DEPRIVATION. IMMEDIATE INTERVENTION REQUIRED. LIVES AND PROPERTY ARE AT RISK NEAR A SENSITIVE AREA. PLEASE DISPATCH EMERGENCY MUNICIPAL CREWS NOW.",submitted,2026-04-15T00:00:00,Chicago,IL,USA,41.8735185622838,-87.63455779474145,Public Safety,,critical,9.06,9,9,46
RPT-354574,drainage,Water isn't draining at all after the storm. There's a massive pool in front of the school entrance.,submitted,2025-07-03T00:00:00,Phoenix,AZ,USA,33.417388182147896,-112.04096098420996,Drainage Authority,,medium,4.04,2,3,39
RPT-194924,noise,Unusually loud vehicle engine noise repeatedly circling the block.,resolved,2025-08-16T00:00:00,Houston,TX,USA,29.73735912395643,-95.40577797469038,Public Safety,2025-08-26T00:00:00,medium,5.14,7,2,29
RPT-630456,other,Bike rack loose and unstable in front of library.,submitted,2024-03-12T14:06:00,Santa Clara,California,USA,37.3545,-121.9551,Public Works,,low,3.82,1,2,47
RPT-331745,garbage,"Residents are putting out trash on the wrong days, and it's piling up in front of my driveway.",in-progress,2026-04-14T20:38:18.158477,Phoenix,AZ,USA,33.45025776713302,-112.0707626171928,Sanitation,,high,7.34,8,4,49
RPT-217629,noise,"EMERGENCY: CONSTANT, HIGH-DECIBEL INDUSTRIAL HUMMING COMING FROM THE SITE NEXT TO THE APARTMENT COMPLEX. IT’S BEEN ONGOING FOR 48 HOURS AND IS CAUSING SEVERE SLEEP DEPRIVATION. IMMEDIATE INTERVENTION REQUIRED. LIVES AND PROPERTY ARE AT RISK NEAR A SENSITIVE AREA. PLEASE DISPATCH EMERGENCY MUNICIPAL CREWS NOW.",submitted,2026-02-10T00:00:00,Los Angeles,CA,USA,34.04812755822601,-118.24368441151624,Public Safety,,critical,9.3,9,9,50
RPT-614295,drainage,I've noticed that a large blockage in the storm drain is causing road safety concerns.  It's creating an eyesore for the neighborhood.,in-progress,2025-07-13T19:27:31.180846,New York,NY,USA,40.72926208337207,-74.00085537317817,Drainage Authority,,high,8.14,7,9,44
RPT-316383,pothole,"Multiple small potholes appearing, causing traffic to slow down significantly.",in-progress,2025-08-04T00:00:00,Chicago,IL,USA,41.822732579625225,-87.57912233941786,Roads & Highways,,medium,4.78,7,5,8
RPT-314646,noise,Live band playing loudly past midnight at 10th Ave bar.,closed,2024-06-01T23:59:00,Bloomfield,New Jersey,USA,40.8068,-74.1899,Noise Control,2024-06-02T10:20:00,medium,4.26,3,2,41
RPT-869851,illegal_parking,I've noticed that a vehicle is parked right in front of the fire hydrant.  This needs immediate attention.,resolved,2025-05-01T19:27:31.183662,Phoenix,AZ,USA,33.45966349020868,-112.06428586294108,Traffic Department,2025-05-05T19:27:31.183662,medium,6.36,9,8,6
RPT-666727,noise,Loud music playing from a parked car for hours. Seems like an ongoing hangout spot for groups.,submitted,2026-01-05T20:38:18.159074,Houston,TX,USA,29.768617678447203,-95.36751957030074,Public Safety,,medium,5.98,4,7,38
RPT-236776,pothole,Major pothole on crosswalk causing pedestrian tripping hazard.,closed,2024-03-11T14:38:00,Burbank,California,USA,34.1879,-118.3151,Public Works,2024-03-13T17:40:00,medium,4.6,4,2,40
RPT-834678,garbage,Public waste container is completely full. Need an extra collection.,submitted,2025-08-15T19:29:14.032740,Chicago,IL,USA,41.88466195323244,-87.6288041374975,Sanitation,,low,3.26,2,8,1
RPT-647062,illegal_parking,It's really frustrating that a vehicle is parked right in front of the fire hydrant.  This needs immediate attention.,submitted,2026-04-24T19:27:31.183941,Los Angeles,CA,USA,34.07210976380218,-118.24103116579872,Traffic Department,,high,7.3,10,7,20
RPT-361724,garbage,URGENT: Illegal dumping at the commercial intersection is blocking the pedestrian crossing. It's a health hazard and completely unsightly for local business owners. This situation is impacting hundreds of people on this main road and requires a crew immediately. It's becoming a major liability for the city.,submitted,2025-12-14T00:00:00,Phoenix,AZ,USA,33.44831748626516,-112.06996765458211,Sanitation,,high,8.42,8,8,47
RPT-565093,garbage,The public trash cans haven't been emptied in a week and there's garbage blowing all over the sidewalk. It's starting to smell.,resolved,2025-08-24T00:00:00,Phoenix,AZ,USA,33.458187930576386,-112.063685666886,Sanitation,2025-08-27T00:00:00,low,3.44,2,4,24
RPT-404631,pothole,Large pothole near the intersection causing traffic delays and possible vehicle damage.,in-progress,2023-07-02T10:12:00,Chicago,IL,USA,41.7475,-87.6434,Road Maintenance,,medium,5.78,5,7,28
RPT-645139,illegal_parking,Van has been abandoned here for weeks with a flat tire. It's taking up a spot that residents need.,submitted,2025-10-17T00:00:00,Phoenix,AZ,USA,33.41877425180905,-112.07840927105084,Traffic Department,,medium,4.94,2,8,29
RPT-210132,noise,Noise from delivery trucks late at night at 3rd St warehouse.,in-progress,2024-06-15T22:47:00,Harrison,New Jersey,USA,40.7462,-74.1551,Noise Control,,low,3.84,3,7,9
RPT-446447,streetlight,URGENT: The entire block's streetlights are out near the hospital parking zone. It feels extremely unsafe for the night shift staff walking to their vehicles. This situation is impacting hundreds of people on this main road and requires a crew immediately. It's becoming a major liability for the city.,submitted,2025-07-31T00:00:00,Los Angeles,CA,USA,34.05199736384176,-118.24644160536346,Electrical Department,,high,7.42,7,9,32
RPT-137324,garbage,Overflowing bins attracting pests near apartment complex.,submitted,2024-03-12T08:24:00,Los Angeles,California,USA,34.0732,-118.2227,Sanitation,,medium,5.62,7,2,37
RPT-478706,illegal-dumping,Illegal dumping of construction debris behind the shopping center.,submitted,2023-07-14T15:29:00,Chicago,IL,USA,41.9684,-87.7218,Sanitation,,low,2.76,3,2,16
RPT-651698,illegal_parking,"URGENT: Multiple vehicles are double-parked along the main commercial strip, forcing buses to stop in the middle of the road and creating a total traffic deadlock. This situation is impacting hundreds of people on this main road and requires a crew immediately. It's becoming a major liability for the city.",submitted,2025-07-16T00:00:00,Houston,TX,USA,29.75677918619885,-95.37000712143066,Traffic Department,,high,8.42,8,8,47
RPT-798255,drainage,Drainage system failure causing standing water on the road.,resolved,2025-11-27T19:29:14.031226,New York,NY,USA,40.72065926489459,-73.99756728221503,Drainage Authority,2025-12-01T19:29:14.031226,medium,6.22,4,6,47
RPT-769230,water_leakage,I suspect a major water main break nearby. There is a huge puddle that keeps growing and the water pressure in our building is low.,submitted,2025-04-06T00:00:00,Houston,TX,USA,29.751922414248718,-95.39054398130328,Water Department,,high,7.32,6,8,42
RPT-864212,noise,Constant noise from the HVAC units at the new commercial building. It hums all night and vibrates the windows.,resolved,2025-05-08T20:38:18.158632,Houston,TX,USA,29.765607356654304,-95.36907615940837,Public Safety,2025-05-15T20:38:18.158632,high,7.88,8,7,43
RPT-772541,illegal_parking,Van has been abandoned here for weeks with a flat tire. It's taking up a spot that residents need.,in-progress,2026-01-21T00:00:00,New York,NY,USA,40.73739662013404,-74.000399988167,Traffic Department,,medium,5.54,5,10,9
RPT-368300,pothole,"Huge pothole right in the middle of the intersection, almost blew out my tire this morning. Needs immediate patching.",resolved,2025-05-07T20:38:18.159816,Houston,TX,USA,29.76977526620284,-95.36928762073228,Roads & Highways,2025-05-11T20:38:18.159816,low,3.76,1,8,16
RPT-450277,noise,"URGENT: Constant, high-decibel industrial humming coming from the site next to the apartment complex. It’s been ongoing for 48 hours and is causing severe sleep deprivation. This situation is impacting hundreds of people on this main road and requires a crew immediately. It's becoming a major liability for the city.",submitted,2025-06-24T00:00:00,Los Angeles,CA,USA,34.052147516016,-118.23907799577258,Public Safety,,high,7.6,7,8,40
RPT-843092,water-leak,Water bubbling up from manhole cover at 4th Ave.,in-progress,2024-06-16T12:08:00,Linden,New Jersey,USA,40.622,-74.2446,Waterworks,,low,3.16,1,7,11
RPT-382929,illegal_parking,"EMERGENCY: MULTIPLE VEHICLES ARE DOUBLE-PARKED ALONG THE MAIN COMMERCIAL STRIP, FORCING BUSES TO STOP IN THE MIDDLE OF THE ROAD AND CREATING A TOTAL TRAFFIC DEADLOCK. IMMEDIATE INTERVENTION REQUIRED. LIVES AND PROPERTY ARE AT RISK NEAR A SENSITIVE AREA. PLEASE DISPATCH EMERGENCY MUNICIPAL CREWS NOW.",submitted,2025-11-10T00:00:00,Los Angeles,CA,USA,34.05085695181061,-118.24691546114838,Traffic Department,,critical,9.36,9,10,46
RPT-804822,water_leakage,"It's really frustrating that significant water pooling is occurring, possibly a burst pipe.  Please address this as soon as possible.",submitted,2025-08-01T19:27:31.183344,Los Angeles,CA,USA,34.044467192823035,-118.24561889242896,Water Department,,low,3.84,3,2,34
RPT-976213,illegal-dumping,Multiple bags of trash dumped illegally behind the supermarket loading dock.,submitted,2024-03-15T18:16:00,San Rafael,California,USA,37.9735,-122.5311,Sanitation,,low,3.5,2,7,10
RPT-725607,illegal_parking,Truck is parked in a no-parking zone right in front of the fire hydrant. This is illegal and dangerous.,submitted,2025-09-16T00:00:00,Phoenix,AZ,USA,33.47995139634113,-112.02075402373436,Traffic Department,,medium,5.1,3,5,40
RPT-820002,streetlight,Streetlight at the corner of Elm St has been out for weeks. Feels unsafe at night.,resolved,2025-09-10T19:29:14.032221,Houston,TX,USA,29.75992959745705,-95.37431325761736,Electrical Department,2025-09-18T19:29:14.032221,low,2.02,1,3,12
RPT-274946,streetlight,The pole is leaning and the light is shattered.,resolved,2025-09-25T00:00:00,Chicago,IL,USA,41.90649188857465,-87.59627391386711,Electrical Department,2025-09-28T00:00:00,low,3.28,4,3,13
RPT-524067,graffiti,"Graffiti on school entrance, needs removal.",closed,2024-05-27T11:09:00,New York,NY,USA,40.791,-73.948,Public Works,2024-05-28T15:28:00,medium,4.9,1,7,40
RPT-524801,noise,Excessive noise from construction crew working well past 10 PM. Can't sleep.,resolved,2025-09-04T19:29:14.033496,Phoenix,AZ,USA,33.44115739843112,-112.07793340296568,Public Safety,2025-09-09T19:29:14.033496,medium,4.6,4,2,40
RPT-175779,illegal_parking,"Multiple cars parked on the sidewalk, forcing pedestrians into the street.",resolved,2025-06-20T00:00:00,Houston,TX,USA,29.8023523561775,-95.40053213352816,Traffic Department,2025-06-30T00:00:00,critical,8.5,10,5,50
RPT-619804,streetlight,URGENT: The entire block's streetlights are out near the hospital parking zone. It feels extremely unsafe for the night shift staff walking to their vehicles. This situation is impacting hundreds of people on this main road and requires a crew immediately. It's becoming a major liability for the city.,submitted,2025-10-21T00:00:00,Houston,TX,USA,29.764320018351057,-95.36786901741836,Electrical Department,,high,7.42,7,8,37
RPT-528955,graffiti,"Graffiti tags found near the subway entrance, possibly related to recent vandalism.",closed,2024-03-11T15:49:00,San Francisco,California,USA,37.7852,-122.4061,Community Services,2024-03-14T13:18:00,medium,4.86,3,7,26
RPT-305579,other,"Playground slide broken, children unable to use play equipment.",resolved,2024-05-28T09:37:00,Brooklyn,NY,USA,40.681,-73.997,Parks & Recreation,2024-05-29T16:22:00,medium,6.16,7,7,21
RPT-463625,water-leak,"Leak from hydrant, water pooling on street.",submitted,2024-06-06T07:41:00,Brooklyn,NY,USA,40.671,-73.951,Water Management,,low,3.18,3,2,23
RPT-169538,water_leakage,Emergency: Water main break flooding the street.,submitted,2025-06-24T19:29:14.032333,Houston,TX,USA,29.761686840741984,-95.36537388571897,Water Department,,medium,6.04,4,7,39
RPT-512940,noise,"EMERGENCY: CONSTANT, HIGH-DECIBEL INDUSTRIAL HUMMING COMING FROM THE SITE NEXT TO THE APARTMENT COMPLEX. IT’S BEEN ONGOING FOR 48 HOURS AND IS CAUSING SEVERE SLEEP DEPRIVATION. IMMEDIATE INTERVENTION REQUIRED. LIVES AND PROPERTY ARE AT RISK NEAR A SENSITIVE AREA. PLEASE DISPATCH EMERGENCY MUNICIPAL CREWS NOW.",submitted,2025-07-14T00:00:00,Los Angeles,CA,USA,34.05317628478247,-118.2404395075996,Public Safety,,critical,9.36,9,10,46
RPT-891010,streetlight,I've noticed that the streetlight has been burned out for weeks.  It's becoming quite dangerous.,resolved,2026-01-17T19:27:31.182576,Phoenix,AZ,USA,33.43928324799009,-112.06165788292084,Electrical Department,2026-01-24T19:27:31.182576,medium,5.3,8,1,30
RPT-365368,water_leakage,"EMERGENCY: A SIGNIFICANT WATER LEAK NEAR THE SCHOOL ENTRANCE IS CREATING A LARGE, SLIPPERY POND. IT'S WASTING CITY RESOURCES AND MAKING IT HARD FOR KIDS TO GET TO CLASS. IMMEDIATE INTERVENTION REQUIRED. LIVES AND PROPERTY ARE AT RISK NEAR A SENSITIVE AREA. PLEASE DISPATCH EMERGENCY MUNICIPAL CREWS NOW.",submitted,2026-01-24T00:00:00,New York,NY,USA,40.71376817653966,-74.00169092404937,Water Department,,critical,9.6,9,10,50
RPT-433940,pothole,Pothole forming at the entrance to the local shopping center.,in-progress,2024-06-16T10:09:00,Edison,New Jersey,USA,40.5187,-74.4121,Roads,,low,3.52,1,7,17
RPT-124800,pothole,EMERGENCY: THE POTHOLE ON THE MAIN ROAD IS GETTING DEEPER AND I'VE SEEN THREE CARS SWERVE INTO THE OPPOSITE LANE TO AVOID IT TODAY. IT'S A SIGNIFICANT SAFETY RISK DURING RUSH HOUR. IMMEDIATE INTERVENTION REQUIRED. LIVES AND PROPERTY ARE AT RISK NEAR A SENSITIVE AREA. PLEASE DISPATCH EMERGENCY MUNICIPAL CREWS NOW.,submitted,2026-01-16T00:00:00,Chicago,IL,USA,41.87561655231785,-87.62903818197397,Roads & Highways,,critical,9.12,9,9,47
RPT-692200,pothole,URGENT: The pothole on the main road is getting deeper and I've seen three cars swerve into the opposite lane to avoid it today. It's a significant safety risk during rush hour. This situation is impacting hundreds of people on this main road and requires a crew immediately. It's becoming a major liability for the city.,submitted,2026-04-21T00:00:00,Chicago,IL,USA,41.874923910838085,-87.63078272041989,Roads & Highways,,high,7.58,8,8,33
RPT-167340,water_leakage,"Constant wet patch on the road, suspect a water leak beneath.",resolved,2025-01-21T00:00:00,Houston,TX,USA,29.754089245384066,-95.40361310070112,Water Department,2025-01-25T00:00:00,medium,4.38,6,6,3
RPT-491968,noise,Construction noise exceeding legal limits every morning at 5am from nearby building site.,submitted,2024-03-06T06:11:00,Oakland,California,USA,37.8036,-122.275,Code Enforcement,,medium,4.82,2,7,32
RPT-284645,streetlight,URGENT: The entire block's streetlights are out near the hospital parking zone. It feels extremely unsafe for the night shift staff walking to their vehicles. This situation is impacting hundreds of people on this main road and requires a crew immediately. It's becoming a major liability for the city.,submitted,2025-08-20T00:00:00,Chicago,IL,USA,41.87988263470504,-87.63111330238519,Electrical Department,,high,8.02,7,9,42
RPT-982406,illegal_parking,"URGENT: Multiple vehicles are double-parked along the main commercial strip, forcing buses to stop in the middle of the road and creating a total traffic deadlock. This situation is impacting hundreds of people on this main road and requires a crew immediately. It's becoming a major liability for the city.",submitted,2026-02-13T00:00:00,Phoenix,AZ,USA,33.44623445582464,-112.07783750617538,Traffic Department,,high,8.32,7,9,47
RPT-309934,streetlight,EMERGENCY: THE ENTIRE BLOCK'S STREETLIGHTS ARE OUT NEAR THE HOSPITAL PARKING ZONE. IT FEELS EXTREMELY UNSAFE FOR THE NIGHT SHIFT STAFF WALKING TO THEIR VEHICLES. IMMEDIATE INTERVENTION REQUIRED. LIVES AND PROPERTY ARE AT RISK NEAR A SENSITIVE AREA. PLEASE DISPATCH EMERGENCY MUNICIPAL CREWS NOW.,submitted,2025-09-07T00:00:00,Phoenix,AZ,USA,33.44589399958781,-112.07771956353386,Electrical Department,,critical,9.42,9,10,47
RPT-738322,streetlight,"Several streetlights out along the block, reducing visibility at night.",resolved,2023-07-11T19:35:00,Chicago,IL,USA,41.9917,-87.6542,Electrical Department,2023-07-12T13:10:00,low,2.98,1,3,28
RPT-224214,pothole,URGENT: The pothole on the main road is getting deeper and I've seen three cars swerve into the opposite lane to avoid it today. It's a significant safety risk during rush hour. This situation is impacting hundreds of people on this main road and requires a crew immediately. It's becoming a major liability for the city.,submitted,2026-04-23T00:00:00,Phoenix,AZ,USA,33.45265934733406,-112.07519338940284,Roads & Highways,,high,8.3,8,8,45
RPT-428010,pothole,"Several small cracks turning into a massive hole. It's dangerous for cyclists, especially at night.",submitted,2025-09-14T20:38:18.157385,Chicago,IL,USA,41.88011354880428,-87.62363148421896,Roads & Highways,,low,3.58,7,2,3
RPT-638712,illegal_parking,"Vehicle abandoned for weeks, taking up valuable street parking.",in-progress,2025-09-24T00:00:00,New York,NY,USA,40.752951888716936,-73.96180895688143,Traffic Department,,high,7.52,5,9,47
RPT-595501,streetlight,Please look into the streetlight lens is broken and the bulb is exposed.  This has been happening for a while now.,submitted,2025-10-07T19:27:31.182127,Los Angeles,CA,USA,34.04603751152328,-118.23135096546446,Electrical Department,,medium,5.24,5,10,4
RPT-386690,pothole,Hit a massive pothole on Lakeview Dr that damaged my wheel. Needs filling ASAP.,submitted,2026-02-28T19:29:14.031256,New York,NY,USA,40.72076549718157,-74.00531951214089,Roads & Highways,,medium,4.64,2,7,29
RPT-288265,illegal-dumping,Furniture dumped illegally on sidewalk overnight.,in-progress,2024-06-02T09:59:00,Brooklyn,NY,USA,40.68,-73.978,Sanitation,,medium,4.42,4,7,12
RPT-913622,water_leakage,Water bubbling up from the ground near the hydrant. Looks like a major leak.,in-progress,2026-04-01T19:29:14.032897,Chicago,IL,USA,41.88710937285547,-87.6267346963006,Water Department,,low,3.64,4,3,19
RPT-992970,pothole,Road surface failure creating a sharp pothole. Please fix.,resolved,2025-11-21T19:29:14.032002,Houston,TX,USA,29.7515059333794,-95.36092596012196,Roads & Highways,2025-11-29T19:29:14.032002,medium,5.44,4,3,49
RPT-186333,water_leakage,"URGENT: A significant water leak near the school entrance is creating a large, slippery pond. It's wasting city resources and making it hard for kids to get to class. This situation is impacting hundreds of people on this main road and requires a crew immediately. It's becoming a major liability for the city.",submitted,2025-07-17T00:00:00,New York,NY,USA,40.71354781714786,-74.010360800197,Water Department,,high,8.12,8,7,47
RPT-255219,water_leakage,"URGENT: A significant water leak near the school entrance is creating a large, slippery pond. It's wasting city resources and making it hard for kids to get to class. This situation is impacting hundreds of people on this main road and requires a crew immediately. It's becoming a major liability for the city.",submitted,2025-10-30T00:00:00,Los Angeles,CA,USA,34.050621897217475,-118.2413745206481,Water Department,,high,8.2,7,9,45
RPT-555164,drainage,"Whenever it rains, the water pools up halfway across the street because the drain isn't catching anything.",in-progress,2025-10-30T00:00:00,Phoenix,AZ,USA,33.403328626108895,-112.09782261608578,Drainage Authority,,medium,6.6,3,10,40
RPT-471996,streetlight,Streetlight out on the corner again. It's pitch black at night and I don't feel safe walking my dog.,submitted,2026-03-04T00:00:00,New York,NY,USA,40.67877639123081,-73.96892870639795,Electrical Department,,medium,5.24,5,2,44
RPT-281586,illegal_parking,"EMERGENCY: MULTIPLE VEHICLES ARE DOUBLE-PARKED ALONG THE MAIN COMMERCIAL STRIP, FORCING BUSES TO STOP IN THE MIDDLE OF THE ROAD AND CREATING A TOTAL TRAFFIC DEADLOCK. IMMEDIATE INTERVENTION REQUIRED. LIVES AND PROPERTY ARE AT RISK NEAR A SENSITIVE AREA. PLEASE DISPATCH EMERGENCY MUNICIPAL CREWS NOW.",submitted,2026-02-02T00:00:00,New York,NY,USA,40.716613633754285,-74.00863113545347,Traffic Department,,critical,9.64,10,9,49
RPT-177178,garbage,URGENT: Illegal dumping at the commercial intersection is blocking the pedestrian crossing. It's a health hazard and completely unsightly for local business owners. This situation is impacting hundreds of people on this main road and requires a crew immediately. It's becoming a major liability for the city.,submitted,2026-02-18T00:00:00,New York,NY,USA,40.71391492998159,-74.00566649663276,Sanitation,,high,7.12,7,7,37
RPT-349346,pothole,Pothole is getting worse every time it rains. It's deep and causing cars to swerve into oncoming traffic.,resolved,2025-05-04T20:38:18.158786,Houston,TX,USA,29.76503825070605,-95.36372835928697,Roads & Highways,2025-05-10T20:38:18.158786,high,7.4,5,9,45
RPT-719147,illegal_parking,"There's a car parked in the bike lane, forcing cyclists to swerve into traffic. Accident waiting to happen.",resolved,2025-06-05T00:00:00,Chicago,IL,USA,41.82539825467046,-87.65075059220133,Traffic Department,2025-06-06T00:00:00,high,7.32,6,7,47
RPT-662821,illegal_parking,"EMERGENCY: MULTIPLE VEHICLES ARE DOUBLE-PARKED ALONG THE MAIN COMMERCIAL STRIP, FORCING BUSES TO STOP IN THE MIDDLE OF THE ROAD AND CREATING A TOTAL TRAFFIC DEADLOCK. IMMEDIATE INTERVENTION REQUIRED. LIVES AND PROPERTY ARE AT RISK NEAR A SENSITIVE AREA. PLEASE DISPATCH EMERGENCY MUNICIPAL CREWS NOW.",submitted,2025-07-13T00:00:00,Chicago,IL,USA,41.87718626010516,-87.6297775924018,Traffic Department,,critical,9.52,10,9,47
RPT-691680,illegal_parking,"EMERGENCY: MULTIPLE VEHICLES ARE DOUBLE-PARKED ALONG THE MAIN COMMERCIAL STRIP, FORCING BUSES TO STOP IN THE MIDDLE OF THE ROAD AND CREATING A TOTAL TRAFFIC DEADLOCK. IMMEDIATE INTERVENTION REQUIRED. LIVES AND PROPERTY ARE AT RISK NEAR A SENSITIVE AREA. PLEASE DISPATCH EMERGENCY MUNICIPAL CREWS NOW.",submitted,2026-04-14T00:00:00,Phoenix,AZ,USA,33.450130761380834,-112.07885996770928,Traffic Department,,critical,9.12,9,9,47
RPT-266013,drainage,I've noticed that the storm drain is clogged with debris and causing flooding.  I'm concerned about safety here.,resolved,2025-05-13T19:27:31.182355,Chicago,IL,USA,41.87700156051381,-87.6434545436657,Drainage Authority,2025-05-14T19:27:31.182355,high,7.12,10,7,17
RPT-807781,noise,"URGENT: Constant, high-decibel industrial humming coming from the site next to the apartment complex. It’s been ongoing for 48 hours and is causing severe sleep deprivation. This situation is impacting hundreds of people on this main road and requires a crew immediately. It's becoming a major liability for the city.",submitted,2025-12-23T00:00:00,New York,NY,USA,40.71374817544629,-74.00483344227575,Public Safety,,high,7.42,7,8,37
RPT-635887,water_leakage,Constant dripping from the water main. Wasting so much water.,resolved,2026-03-17T19:29:14.031388,Houston,TX,USA,29.76626231158077,-95.3699748095612,Water Department,2026-03-26T19:29:14.031388,low,2.24,2,3,9
RPT-205126,garbage,EMERGENCY: ILLEGAL DUMPING AT THE COMMERCIAL INTERSECTION IS BLOCKING THE PEDESTRIAN CROSSING. IT'S A HEALTH HAZARD AND COMPLETELY UNSIGHTLY FOR LOCAL BUSINESS OWNERS. IMMEDIATE INTERVENTION REQUIRED. LIVES AND PROPERTY ARE AT RISK NEAR A SENSITIVE AREA. PLEASE DISPATCH EMERGENCY MUNICIPAL CREWS NOW.,submitted,2026-01-07T00:00:00,Chicago,IL,USA,41.8757296660324,-87.63156459272952,Sanitation,,critical,9.6,9,10,50
RPT-804525,illegal_parking,There is a serious issue with cars are illegally parked in a no-parking zone.  This has been happening for a while now.,submitted,2025-07-08T19:27:31.181128,Phoenix,AZ,USA,33.44360575405966,-112.07957188935804,Traffic Department,,high,8.14,10,7,34
RPT-979941,water_leakage,"It's really frustrating that significant water pooling is occurring, possibly a burst pipe.  I'm concerned about safety here.",in-progress,2026-02-13T19:27:31.181691,Los Angeles,CA,USA,34.06246405703151,-118.2566167256386,Water Department,,low,2.08,1,3,13
RPT-398707,illegal_parking,Truck is parked in a no-parking zone right in front of the fire hydrant. This is illegal and dangerous.,in-progress,2025-06-02T00:00:00,Chicago,IL,USA,41.86420274434602,-87.62645572527859,Traffic Department,,low,1.9,1,3,10
RPT-352525,other,"Community mailbox broken and unable to lock, risking mail theft.",submitted,2024-03-11T10:17:00,Santa Clara,California,USA,37.3541,-121.9552,Postal Services,,low,3.08,5,3,3
RPT-317436,garbage,Missed garbage collection for the third day in a row. It's starting to smell.,resolved,2025-08-25T19:29:14.031197,Los Angeles,CA,USA,34.04626605739784,-118.2453324377564,Sanitation,2025-09-06T19:29:14.031197,medium,5.86,4,5,46
RPT-949232,streetlight,EMERGENCY: THE ENTIRE BLOCK'S STREETLIGHTS ARE OUT NEAR THE HOSPITAL PARKING ZONE. IT FEELS EXTREMELY UNSAFE FOR THE NIGHT SHIFT STAFF WALKING TO THEIR VEHICLES. IMMEDIATE INTERVENTION REQUIRED. LIVES AND PROPERTY ARE AT RISK NEAR A SENSITIVE AREA. PLEASE DISPATCH EMERGENCY MUNICIPAL CREWS NOW.,submitted,2025-12-11T00:00:00,Phoenix,AZ,USA,33.449289113585984,-112.07022805808488,Electrical Department,,critical,9.6,9,10,50
RPT-403983,drainage,"EMERGENCY: THE STORM DRAIN IS PARTIALLY COLLAPSED AND BLOCKED WITH HEAVY DEBRIS. WITH RAIN IN THE FORECAST, THE SURROUNDING RESIDENTIAL AREA IS AT HIGH RISK OF FLOODING. IMMEDIATE INTERVENTION REQUIRED. LIVES AND PROPERTY ARE AT RISK NEAR A SENSITIVE AREA. PLEASE DISPATCH EMERGENCY MUNICIPAL CREWS NOW.",submitted,2025-07-07T00:00:00,New York,NY,USA,40.71679396264186,-74.00698627740245,Drainage Authority,,critical,9.76,10,10,46
RPT-302178,garbage,EMERGENCY: ILLEGAL DUMPING AT THE COMMERCIAL INTERSECTION IS BLOCKING THE PEDESTRIAN CROSSING. IT'S A HEALTH HAZARD AND COMPLETELY UNSIGHTLY FOR LOCAL BUSINESS OWNERS. IMMEDIATE INTERVENTION REQUIRED. LIVES AND PROPERTY ARE AT RISK NEAR A SENSITIVE AREA. PLEASE DISPATCH EMERGENCY MUNICIPAL CREWS NOW.,submitted,2025-05-31T00:00:00,New York,NY,USA,40.71184358625277,-74.00338203015664,Sanitation,,critical,9.12,9,9,47
RPT-930710,garbage,Please look into there is illegal dumping of furniture and appliances on the sidewalk.  It's becoming quite dangerous.,submitted,2025-12-27T19:27:31.182177,Houston,TX,USA,29.74369700940037,-95.38391708114928,Sanitation,,medium,6.24,9,5,19
RPT-270993,graffiti,Graffiti on electrical box at street corner.,resolved,2024-03-10T13:10:00,San Diego,California,USA,32.7603,-117.1366,Community Services,2024-03-11T11:56:00,low,3.48,3,3,23
RPT-673518,pothole,Several potholes have opened up on this block. They're getting wider every day and I'm worried about my car's tires.,resolved,2026-03-12T00:00:00,Phoenix,AZ,USA,33.42334223823763,-112.08806884657454,Roads & Highways,2026-03-22T00:00:00,medium,4.12,1,6,32
RPT-791720,illegal_parking,Illegal parking right up against the fire hydrant. This is a huge safety violation.,submitted,2025-05-26T20:38:18.159033,Phoenix,AZ,USA,33.44849440279361,-112.07012579120992,Traffic Department,,medium,5.6,5,7,25
RPT-176118,streetlight,The pole is leaning significantly and the light is buzzing. Afraid it might fall over during a storm.,submitted,2025-06-20T20:38:18.159875,Los Angeles,CA,USA,34.052369533027274,-118.23540344904968,Electrical Department,,medium,6.6,9,7,15
RPT-891836,pothole,"Huge pothole right in the middle of the intersection, almost blew out my tire this morning. Needs immediate patching.",in-progress,2025-08-07T20:38:18.157528,Houston,TX,USA,29.769397512324375,-95.36154753759196,Roads & Highways,,medium,4.98,6,3,28
RPT-124053,illegal_parking,"URGENT: Multiple vehicles are double-parked along the main commercial strip, forcing buses to stop in the middle of the road and creating a total traffic deadlock. This situation is impacting hundreds of people on this main road and requires a crew immediately. It's becoming a major liability for the city.",submitted,2025-09-22T00:00:00,Phoenix,AZ,USA,33.45114222216523,-112.06948628445316,Traffic Department,,high,7.0,7,7,35
RPT-408633,pothole,Can someone please fix a significant depression in the pavement causing cars to swerve.  This needs immediate attention.,in-progress,2025-10-17T19:27:31.182511,Houston,TX,USA,29.76930905940702,-95.3661685567825,Roads & Highways,,low,3.26,2,7,6
RPT-104350,illegal_parking,"Can someone please fix a vehicle is blocking the sidewalk, forcing pedestrians into the street.  This has been happening for a while now.",resolved,2026-01-26T19:27:31.180496,Houston,TX,USA,29.758539179070045,-95.37010523766762,Traffic Department,2026-02-03T19:27:31.180496,medium,4.06,1,10,11
RPT-398077,pothole,The road surface is deteriorating rapidly. There's a section about 3 feet wide that is basically crumbling away.,submitted,2026-01-03T00:00:00,Phoenix,AZ,USA,33.44002250430412,-112.09883400231692,Roads & Highways,,medium,5.18,2,10,23
RPT-679379,pothole,EMERGENCY: THE POTHOLE ON THE MAIN ROAD IS GETTING DEEPER AND I'VE SEEN THREE CARS SWERVE INTO THE OPPOSITE LANE TO AVOID IT TODAY. IT'S A SIGNIFICANT SAFETY RISK DURING RUSH HOUR. IMMEDIATE INTERVENTION REQUIRED. LIVES AND PROPERTY ARE AT RISK NEAR A SENSITIVE AREA. PLEASE DISPATCH EMERGENCY MUNICIPAL CREWS NOW.,submitted,2026-03-02T00:00:00,Chicago,IL,USA,41.88017456700912,-87.63208589471174,Roads & Highways,,critical,9.54,9,10,49
RPT-886702,water_leakage,"There's a constant stream of water coming from the storm drain, even though it hasn't rained in days. Must be a broken pipe.",submitted,2025-06-17T00:00:00,Phoenix,AZ,USA,33.48937188379451,-112.10278399485522,Water Department,,medium,6.82,4,9,42
RPT-496478,illegal_parking,"Vehicle parked on the sidewalk forcing pedestrians, including families with strollers, into the street.",in-progress,2026-03-14T20:38:18.159311,Phoenix,AZ,USA,33.45683686829092,-112.06897795820176,Traffic Department,,medium,5.14,4,9,14
RPT-671626,illegal_parking,Car parked directly in front of my driveway. I have an appointment and cannot get my car out.,resolved,2026-04-08T20:38:18.159550,Los Angeles,CA,USA,34.05246410363574,-118.23559944833453,Traffic Department,2026-04-17T20:38:18.159550,medium,5.14,7,4,19
RPT-826373,water_leakage,"EMERGENCY: A SIGNIFICANT WATER LEAK NEAR THE SCHOOL ENTRANCE IS CREATING A LARGE, SLIPPERY POND. IT'S WASTING CITY RESOURCES AND MAKING IT HARD FOR KIDS TO GET TO CLASS. IMMEDIATE INTERVENTION REQUIRED. LIVES AND PROPERTY ARE AT RISK NEAR A SENSITIVE AREA. PLEASE DISPATCH EMERGENCY MUNICIPAL CREWS NOW.",submitted,2025-06-08T00:00:00,Houston,TX,USA,29.76000281343512,-95.37204876502813,Water Department,,critical,9.76,10,10,46
RPT-129804,illegal_parking,"Vehicle parked on the sidewalk forcing pedestrians, including families with strollers, into the street.",in-progress,2025-05-02T20:38:18.159469,Houston,TX,USA,29.76808238518446,-95.36572837353604,Traffic Department,,medium,4.72,4,6,22
RPT-835290,pothole,Several potholes have opened up on this block. They're getting wider every day and I'm worried about my car's tires.,resolved,2025-12-13T00:00:00,New York,NY,USA,40.72468054026897,-73.99694678641117,Roads & Highways,2025-12-23T00:00:00,medium,6.24,3,8,44
RPT-255350,water-leak,Water leak inside city park restroom.,resolved,2023-08-19T10:01:00,Louisville,KY,USA,38.2618,-85.7798,Water Services,2023-08-20T15:41:00,medium,5.52,3,7,37
RPT-250944,water_leakage,"EMERGENCY: A SIGNIFICANT WATER LEAK NEAR THE SCHOOL ENTRANCE IS CREATING A LARGE, SLIPPERY POND. IT'S WASTING CITY RESOURCES AND MAKING IT HARD FOR KIDS TO GET TO CLASS. IMMEDIATE INTERVENTION REQUIRED. LIVES AND PROPERTY ARE AT RISK NEAR A SENSITIVE AREA. PLEASE DISPATCH EMERGENCY MUNICIPAL CREWS NOW.",submitted,2025-06-12T00:00:00,New York,NY,USA,40.713793197090375,-74.01000452042,Water Department,,critical,9.7,10,9,50
RPT-392676,pothole,Series of potholes on the main thoroughfare causing traffic delays.,resolved,2024-03-09T08:09:00,Daly City,California,USA,37.6957,-122.4667,Public Works,2024-03-10T14:35:00,low,3.5,2,7,10
RPT-940706,garbage,URGENT: Illegal dumping at the commercial intersection is blocking the pedestrian crossing. It's a health hazard and completely unsightly for local business owners. This situation is impacting hundreds of people on this main road and requires a crew immediately. It's becoming a major liability for the city.,submitted,2026-01-19T00:00:00,Houston,TX,USA,29.75731879478212,-95.370254036409,Sanitation,,high,7.9,7,8,45
RPT-385769,pothole,"Hit a massive pothole on my way to work, it really messed up my alignment. Please fix this before someone gets into an accident.",in-progress,2025-05-05T00:00:00,Chicago,IL,USA,41.89178843091042,-87.64972714072618,Roads & Highways,,medium,5.76,9,5,11
RPT-645774,garbage,Overflowing dumpsters attracting stray animals.,closed,2024-05-29T12:44:00,Harlem,NY,USA,40.808,-73.954,Sanitation,2024-05-30T09:17:00,medium,4.88,5,3,33
RPT-969038,noise,"Loud, bass-heavy music coming from the apartment upstairs. Ongoing issue.",in-progress,2025-10-18T19:29:14.032439,Los Angeles,CA,USA,34.04539101555688,-118.24230113708202,Public Safety,,low,3.94,4,6,9
RPT-966061,water-leak,Water leak under sidewalk near mailbox.,in-progress,2023-08-26T09:45:00,Chicago,IL,USA,42.0072,-87.6863,Water Services,,low,3.36,3,2,26
RPT-970024,noise,"Construction crew is working well past 11 PM every night. Can't sleep, need some enforcement.",submitted,2025-07-11T20:38:18.156525,Los Angeles,CA,USA,34.05350892664043,-118.2396326607631,Public Safety,,high,7.26,9,4,41
RPT-125688,pothole,There's a dangerous pothole near the intersection. Cars are swerving to avoid it.,in-progress,2025-09-02T19:29:14.031334,Phoenix,AZ,USA,33.45069947387733,-112.07641953370492,Roads & Highways,,medium,6.28,4,9,33
RPT-776711,drainage,"URGENT: The storm drain is partially collapsed and blocked with heavy debris. With rain in the forecast, the surrounding residential area is at high risk of flooding. This situation is impacting hundreds of people on this main road and requires a crew immediately. It's becoming a major liability for the city.",submitted,2025-09-03T00:00:00,New York,NY,USA,40.71540341941252,-74.00180870285627,Drainage Authority,,high,7.76,8,8,36
RPT-112557,streetlight,"Light stays on 24/7, very annoying and wasteful.",resolved,2025-01-14T00:00:00,Houston,TX,USA,29.762427856114645,-95.34912541172233,Electrical Department,2025-01-20T00:00:00,medium,4.16,5,4,16
RPT-743798,noise,"Construction crew is working well past 11 PM every night. Can't sleep, need some enforcement.",in-progress,2025-06-27T20:38:18.159955,Houston,TX,USA,29.76343819362458,-95.3642227626646,Public Safety,,low,3.14,2,4,19
RPT-757487,noise,Excessive noise from construction crew working well past 10 PM. Can't sleep.,resolved,2025-08-05T19:29:14.033164,Chicago,IL,USA,41.88202913087602,-87.6228992356939,Public Safety,2025-08-15T19:29:14.033164,low,2.34,3,1,14
RPT-290639,noise,"URGENT: Constant, high-decibel industrial humming coming from the site next to the apartment complex. It’s been ongoing for 48 hours and is causing severe sleep deprivation. This situation is impacting hundreds of people on this main road and requires a crew immediately. It's becoming a major liability for the city.",submitted,2026-02-16T00:00:00,Houston,TX,USA,29.758668116900573,-95.3707701499308,Public Safety,,high,8.24,8,9,39
RPT-540228,pothole,Deep pothole causing traffic slowdowns. Very hazardous for cyclists.,resolved,2025-05-06T19:29:14.031441,Houston,TX,USA,29.7510326044122,-95.37758115707388,Roads & Highways,2025-05-09T19:29:14.031441,medium,6.5,2,9,50
RPT-774103,illegal_parking,"URGENT: Multiple vehicles are double-parked along the main commercial strip, forcing buses to stop in the middle of the road and creating a total traffic deadlock. This situation is impacting hundreds of people on this main road and requires a crew immediately. It's becoming a major liability for the city.",submitted,2025-07-07T00:00:00,Phoenix,AZ,USA,33.45120027937126,-112.0783156979406,Traffic Department,,high,7.6,7,8,40
RPT-244135,illegal-dumping,Illegal dumping of construction debris observed behind the supermarket.,in-progress,2024-06-03T13:36:00,Brooklyn,NY,USA,40.683,-73.976,Sanitation,,medium,4.02,3,3,32
RPT-497876,drainage,"Manhole cover is rattling loudly whenever a car drives over it, and the area around it is caved in.",resolved,2025-10-22T20:38:18.158704,Houston,TX,USA,29.76772897130302,-95.3660803739161,Drainage Authority,2025-10-25T20:38:18.158704,medium,4.14,3,7,14
RPT-635517,water_leakage,Can someone please fix water is seeping into the sidewalk area and creating a hazard.  This has been happening for a while now.,submitted,2025-11-09T19:27:31.183387,Houston,TX,USA,29.75102646984332,-95.38201196785704,Water Department,,low,2.24,2,4,4
RPT-270683,streetlight,URGENT: The entire block's streetlights are out near the hospital parking zone. It feels extremely unsafe for the night shift staff walking to their vehicles. This situation is impacting hundreds of people on this main road and requires a crew immediately. It's becoming a major liability for the city.,submitted,2025-08-09T00:00:00,New York,NY,USA,40.71055321934105,-74.00421401781021,Electrical Department,,high,7.54,7,9,34
RPT-376550,drainage,Can someone please fix the drainage system isn't working properly after the rain.  This has been happening for a while now.,in-progress,2026-03-19T19:27:31.182776,Phoenix,AZ,USA,33.46649819400016,-112.05465380465792,Drainage Authority,,low,2.64,3,4,4
RPT-532557,other,"Sidewalk uneven, poses tripping hazard for seniors.",resolved,2023-08-29T10:27:00,Chicago,IL,USA,41.8942,-87.6195,Public Works,2023-09-02T13:54:00,medium,5.28,3,7,33
RPT-963937,pothole,I've noticed that a massive pothole right in the middle of the intersection.  It's becoming quite dangerous.,in-progress,2025-08-24T19:27:31.181809,Chicago,IL,USA,41.88821210582017,-87.63441027506434,Roads & Highways,,medium,6.66,9,10,1
RPT-152114,garbage,Overflowing dumpster behind the grocery store. It's really gross and unhygienic with the summer heat.,resolved,2025-04-23T00:00:00,New York,NY,USA,40.75948245950214,-73.95937955299104,Sanitation,2025-04-24T00:00:00,medium,5.24,2,6,44
RPT-439074,garbage,"Trash overflowing from the bins, attracting pests and smells.",resolved,2025-03-04T00:00:00,New York,NY,USA,40.75108270559914,-74.01003430068884,Sanitation,2025-03-14T00:00:00,medium,6.06,9,7,6
RPT-267831,illegal_parking,"EMERGENCY: MULTIPLE VEHICLES ARE DOUBLE-PARKED ALONG THE MAIN COMMERCIAL STRIP, FORCING BUSES TO STOP IN THE MIDDLE OF THE ROAD AND CREATING A TOTAL TRAFFIC DEADLOCK. IMMEDIATE INTERVENTION REQUIRED. LIVES AND PROPERTY ARE AT RISK NEAR A SENSITIVE AREA. PLEASE DISPATCH EMERGENCY MUNICIPAL CREWS NOW.",submitted,2025-05-19T00:00:00,Houston,TX,USA,29.764709756597263,-95.3747288537649,Traffic Department,,critical,9.06,9,9,46
RPT-563351,illegal_parking,"Someone is parked on the sidewalk, forcing everyone to walk into the busy street. Very unsafe.",in-progress,2025-05-21T00:00:00,Phoenix,AZ,USA,33.47725051381863,-112.11770435690464,Traffic Department,,low,3.96,3,9,1
RPT-777342,streetlight,Streetlight outage causing detour for evening joggers.,in-progress,2024-03-13T19:21:00,Campbell,California,USA,37.2882,-121.954,Electrical Services,,medium,4.06,4,7,6
RPT-670627,drainage,"Drain is completely clogged with debris, causing flooding after light rain.",in-progress,2025-01-15T00:00:00,Chicago,IL,USA,41.89702871155889,-87.5846650770334,Drainage Authority,,low,2.36,2,5,1
RPT-418985,other,Missing crosswalk markings at the intersection of 8th Ave and Spruce St.,submitted,2024-06-21T08:11:00,Carteret,New Jersey,USA,40.5782,-74.2313,Roads,,medium,6.28,4,7,43
RPT-689472,noise,Consistent loud music from a store on Friday nights on Main St.,rejected,2024-06-04T19:02:00,East Orange,New Jersey,USA,40.7706,-74.2321,Noise Control,,medium,4.16,2,8,16
RPT-437693,water_leakage,There is a serious issue with water is leaking from the hydrant and flooding the street.  I'm concerned about safety here.,submitted,2025-06-02T19:27:31.182227,New York,NY,USA,40.72090810850702,-74.01912272275811,Water Department,,medium,6.6,9,1,45
RPT-424523,garbage,The recycling bin is broken and trash is spilling out onto the street. Needs a pickup and a replacement bin.,resolved,2025-07-28T00:00:00,Phoenix,AZ,USA,33.482689925929144,-112.11903961371776,Sanitation,2025-08-04T00:00:00,low,3.84,3,2,34
RPT-920901,garbage,Can someone please fix litter is accumulating in the alleyway and creating a mess.  I'm concerned about safety here.,resolved,2026-01-19T19:27:31.183530,Phoenix,AZ,USA,33.446526900377286,-112.0579277029322,Sanitation,2026-01-28T19:27:31.183530,low,2.68,1,5,13
RPT-182895,noise,"EMERGENCY: CONSTANT, HIGH-DECIBEL INDUSTRIAL HUMMING COMING FROM THE SITE NEXT TO THE APARTMENT COMPLEX. IT’S BEEN ONGOING FOR 48 HOURS AND IS CAUSING SEVERE SLEEP DEPRIVATION. IMMEDIATE INTERVENTION REQUIRED. LIVES AND PROPERTY ARE AT RISK NEAR A SENSITIVE AREA. PLEASE DISPATCH EMERGENCY MUNICIPAL CREWS NOW.",submitted,2026-01-16T00:00:00,Phoenix,AZ,USA,33.44940333307874,-112.07572626737372,Public Safety,,critical,9.06,9,9,46
RPT-720840,drainage,Storm drain is completely clogged with leaves and trash. Flooding my entire front yard every time it drizzles.,in-progress,2026-02-07T20:38:18.156653,Chicago,IL,USA,41.88335937388004,-87.62912287949855,Drainage Authority,,low,3.24,3,6,4
RPT-160746,pothole,Several potholes have opened up on this block. They're getting wider every day and I'm worried about my car's tires.,in-progress,2025-10-28T00:00:00,New York,NY,USA,40.75790045435459,-74.04454941546604,Roads & Highways,,medium,4.56,6,4,16
RPT-981823,streetlight,"Multiple lights out on this block, feels like a safety hazard at night.",submitted,2025-04-21T00:00:00,New York,NY,USA,40.67347806251495,-74.01933869968396,Electrical Department,,medium,4.52,2,5,37
RPT-505881,pothole,EMERGENCY: THE POTHOLE ON THE MAIN ROAD IS GETTING DEEPER AND I'VE SEEN THREE CARS SWERVE INTO THE OPPOSITE LANE TO AVOID IT TODAY. IT'S A SIGNIFICANT SAFETY RISK DURING RUSH HOUR. IMMEDIATE INTERVENTION REQUIRED. LIVES AND PROPERTY ARE AT RISK NEAR A SENSITIVE AREA. PLEASE DISPATCH EMERGENCY MUNICIPAL CREWS NOW.,submitted,2025-07-23T00:00:00,Chicago,IL,USA,41.87732603490555,-87.62720234001728,Roads & Highways,,critical,9.52,10,9,47
RPT-383655,illegal_parking,Truck blocking the driveway. I can't get my car out to go to work.,in-progress,2025-10-14T19:29:14.032971,Houston,TX,USA,29.75206099967424,-95.37630298670872,Traffic Department,,low,3.98,2,8,13
RPT-356891,water_leakage,"Low water pressure all day, and I see water pooling near the curb. Please investigate.",in-progress,2025-08-29T20:38:18.159426,Houston,TX,USA,29.76668033902781,-95.36092055466882,Water Department,,medium,4.62,9,3,2
RPT-401236,streetlight,Light is flickering constantly. Very annoying and distracting.,submitted,2026-04-05T19:29:14.033472,Chicago,IL,USA,41.87597167301826,-87.62856328071275,Electrical Department,,low,2.32,1,4,12
RPT-604236,garbage,Overflowing garbage cans in public park.,in-progress,2024-06-01T17:06:00,New York,NY,USA,40.774,-73.976,Sanitation,,medium,4.84,7,5,9
RPT-201990,pothole,Potholes at parking lot entrance.,submitted,2023-09-02T08:58:00,Chicago,IL,USA,41.8381,-87.6469,Road Maintenance,,medium,4.18,4,7,8
RPT-968895,water_leakage,"EMERGENCY: A SIGNIFICANT WATER LEAK NEAR THE SCHOOL ENTRANCE IS CREATING A LARGE, SLIPPERY POND. IT'S WASTING CITY RESOURCES AND MAKING IT HARD FOR KIDS TO GET TO CLASS. IMMEDIATE INTERVENTION REQUIRED. LIVES AND PROPERTY ARE AT RISK NEAR A SENSITIVE AREA. PLEASE DISPATCH EMERGENCY MUNICIPAL CREWS NOW.",submitted,2025-10-19T00:00:00,New York,NY,USA,40.71442183779585,-74.00744838277697,Water Department,,critical,9.3,9,9,50
RPT-249827,garbage,Garbage truck missed our street this morning.,in-progress,2023-08-16T07:28:00,Louisville,KY,USA,38.2093,-85.7739,Sanitation,,medium,4.24,4,7,9
RPT-856842,noise,Can someone please fix excessive music volume is coming from the apartment upstairs.  This needs immediate attention.,resolved,2025-07-22T19:27:31.181840,New York,NY,USA,40.730941109608246,-74.0085637302485,Public Safety,2025-07-27T19:27:31.181840,low,3.82,4,2,27
RPT-719330,drainage,Drainage cover is missing. This is incredibly dangerous for pedestrians and kids playing nearby.,resolved,2025-06-01T00:00:00,New York,NY,USA,40.70346939663968,-74.01094135355231,Drainage Authority,2025-06-09T00:00:00,low,3.88,4,2,28
RPT-795347,noise,Can someone please fix excessive music volume is coming from the apartment upstairs.  It's creating an eyesore for the neighborhood.,in-progress,2025-10-24T19:27:31.180781,Houston,TX,USA,29.76043135757058,-95.37421505983924,Public Safety,,medium,4.14,3,4,29
RPT-338870,pothole,URGENT: The pothole on the main road is getting deeper and I've seen three cars swerve into the opposite lane to avoid it today. It's a significant safety risk during rush hour. This situation is impacting hundreds of people on this main road and requires a crew immediately. It's becoming a major liability for the city.,submitted,2025-07-27T00:00:00,Phoenix,AZ,USA,33.45124782647211,-112.07499866357097,Roads & Highways,,high,8.06,8,8,41
RPT-275938,garbage,EMERGENCY: ILLEGAL DUMPING AT THE COMMERCIAL INTERSECTION IS BLOCKING THE PEDESTRIAN CROSSING. IT'S A HEALTH HAZARD AND COMPLETELY UNSIGHTLY FOR LOCAL BUSINESS OWNERS. IMMEDIATE INTERVENTION REQUIRED. LIVES AND PROPERTY ARE AT RISK NEAR A SENSITIVE AREA. PLEASE DISPATCH EMERGENCY MUNICIPAL CREWS NOW.,submitted,2025-12-17T00:00:00,New York,NY,USA,40.70812779973198,-74.0091792411648,Sanitation,,critical,9.3,9,10,45
RPT-860198,illegal_parking,"EMERGENCY: MULTIPLE VEHICLES ARE DOUBLE-PARKED ALONG THE MAIN COMMERCIAL STRIP, FORCING BUSES TO STOP IN THE MIDDLE OF THE ROAD AND CREATING A TOTAL TRAFFIC DEADLOCK. IMMEDIATE INTERVENTION REQUIRED. LIVES AND PROPERTY ARE AT RISK NEAR A SENSITIVE AREA. PLEASE DISPATCH EMERGENCY MUNICIPAL CREWS NOW.",submitted,2025-07-11T00:00:00,Houston,TX,USA,29.76168548561641,-95.37021890326908,Traffic Department,,critical,9.0,9,9,45
RPT-580477,illegal_parking,There is a serious issue with cars are illegally parked in a no-parking zone.  It's becoming quite dangerous.,in-progress,2025-08-27T19:27:31.181389,Chicago,IL,USA,41.8703407334987,-87.6420103955057,Traffic Department,,critical,9.58,10,10,43
RPT-703599,pothole,EMERGENCY: THE POTHOLE ON THE MAIN ROAD IS GETTING DEEPER AND I'VE SEEN THREE CARS SWERVE INTO THE OPPOSITE LANE TO AVOID IT TODAY. IT'S A SIGNIFICANT SAFETY RISK DURING RUSH HOUR. IMMEDIATE INTERVENTION REQUIRED. LIVES AND PROPERTY ARE AT RISK NEAR A SENSITIVE AREA. PLEASE DISPATCH EMERGENCY MUNICIPAL CREWS NOW.,submitted,2025-12-09T00:00:00,Phoenix,AZ,USA,33.45216071953705,-112.0733793224336,Roads & Highways,,critical,9.36,9,10,46
RPT-666696,graffiti,Graffiti on underpass wall visible from main road.,in-progress,2024-03-14T12:13:00,Santa Rosa,California,USA,38.4405,-122.7144,Community Services,,medium,4.54,1,7,34
RPT-945275,noise,"EMERGENCY: CONSTANT, HIGH-DECIBEL INDUSTRIAL HUMMING COMING FROM THE SITE NEXT TO THE APARTMENT COMPLEX. IT’S BEEN ONGOING FOR 48 HOURS AND IS CAUSING SEVERE SLEEP DEPRIVATION. IMMEDIATE INTERVENTION REQUIRED. LIVES AND PROPERTY ARE AT RISK NEAR A SENSITIVE AREA. PLEASE DISPATCH EMERGENCY MUNICIPAL CREWS NOW.",submitted,2026-03-20T00:00:00,Los Angeles,CA,USA,34.05439620749434,-118.24634479060693,Public Safety,,critical,9.42,9,10,47
RPT-991799,illegal_parking,"EMERGENCY: MULTIPLE VEHICLES ARE DOUBLE-PARKED ALONG THE MAIN COMMERCIAL STRIP, FORCING BUSES TO STOP IN THE MIDDLE OF THE ROAD AND CREATING A TOTAL TRAFFIC DEADLOCK. IMMEDIATE INTERVENTION REQUIRED. LIVES AND PROPERTY ARE AT RISK NEAR A SENSITIVE AREA. PLEASE DISPATCH EMERGENCY MUNICIPAL CREWS NOW.",submitted,2025-08-20T00:00:00,New York,NY,USA,40.71474813662226,-74.00404936300552,Traffic Department,,critical,9.6,9,10,50
RPT-396333,streetlight,"Multiple lights out on this block, feels like a safety hazard at night.",resolved,2025-09-24T00:00:00,New York,NY,USA,40.71107913713285,-73.9668096118444,Electrical Department,2025-10-02T00:00:00,medium,5.64,6,10,4
RPT-313970,drainage,"EMERGENCY: THE STORM DRAIN IS PARTIALLY COLLAPSED AND BLOCKED WITH HEAVY DEBRIS. WITH RAIN IN THE FORECAST, THE SURROUNDING RESIDENTIAL AREA IS AT HIGH RISK OF FLOODING. IMMEDIATE INTERVENTION REQUIRED. LIVES AND PROPERTY ARE AT RISK NEAR A SENSITIVE AREA. PLEASE DISPATCH EMERGENCY MUNICIPAL CREWS NOW.",submitted,2026-03-20T00:00:00,Los Angeles,CA,USA,34.0498050552363,-118.2401948850992,Drainage Authority,,critical,9.3,9,9,50
RPT-680454,other,Broken drinking fountain in city park.,submitted,2024-06-06T08:03:00,New York,NY,USA,40.78,-73.984,Parks & Recreation,,medium,4.06,7,2,11
RPT-247845,illegal_parking,"Vehicle abandoned for weeks, taking up valuable street parking.",resolved,2025-11-16T00:00:00,Phoenix,AZ,USA,33.42790725879141,-112.0952741886496,Traffic Department,2025-11-17T00:00:00,medium,4.12,1,5,37
RPT-617796,illegal_parking,"URGENT: Multiple vehicles are double-parked along the main commercial strip, forcing buses to stop in the middle of the road and creating a total traffic deadlock. This situation is impacting hundreds of people on this main road and requires a crew immediately. It's becoming a major liability for the city.",submitted,2026-03-09T00:00:00,Los Angeles,CA,USA,34.05704995178658,-118.24796819537136,Traffic Department,,high,7.6,7,8,40
RPT-552059,water_leakage,I suspect a major water main break nearby. There is a huge puddle that keeps growing and the water pressure in our building is low.,resolved,2025-05-07T00:00:00,Phoenix,AZ,USA,33.418145046777084,-112.07309706301209,Water Department,2025-05-11T00:00:00,medium,4.6,7,3,15
RPT-193621,illegal_parking,"EMERGENCY: MULTIPLE VEHICLES ARE DOUBLE-PARKED ALONG THE MAIN COMMERCIAL STRIP, FORCING BUSES TO STOP IN THE MIDDLE OF THE ROAD AND CREATING A TOTAL TRAFFIC DEADLOCK. IMMEDIATE INTERVENTION REQUIRED. LIVES AND PROPERTY ARE AT RISK NEAR A SENSITIVE AREA. PLEASE DISPATCH EMERGENCY MUNICIPAL CREWS NOW.",submitted,2025-07-10T00:00:00,Houston,TX,USA,29.763076942529977,-95.37104043394125,Traffic Department,,critical,9.42,9,10,47
RPT-927269,streetlight,EMERGENCY: THE ENTIRE BLOCK'S STREETLIGHTS ARE OUT NEAR THE HOSPITAL PARKING ZONE. IT FEELS EXTREMELY UNSAFE FOR THE NIGHT SHIFT STAFF WALKING TO THEIR VEHICLES. IMMEDIATE INTERVENTION REQUIRED. LIVES AND PROPERTY ARE AT RISK NEAR A SENSITIVE AREA. PLEASE DISPATCH EMERGENCY MUNICIPAL CREWS NOW.,submitted,2025-12-26T00:00:00,Houston,TX,USA,29.758877719826497,-95.36913199965618,Electrical Department,,critical,9.3,9,10,45
RPT-456687,streetlight,Streetlight is flickering like a strobe light. It's distracting and potentially blinding drivers.,in-progress,2025-09-15T20:38:18.156596,Phoenix,AZ,USA,33.45560917503917,-112.07309340352442,Electrical Department,,medium,6.3,6,7,30
RPT-866744,graffiti,"Graffiti on side of the fire station, visible from the street.",submitted,2024-06-22T15:38:00,Millburn,New Jersey,USA,40.7235,-74.3182,Community Services,,high,8.32,10,8,32
RPT-293445,garbage,"Trash overflowing from the bins, attracting pests and smells.",resolved,2025-08-17T00:00:00,Phoenix,AZ,USA,33.42490770655977,-112.05557492723298,Sanitation,2025-08-23T00:00:00,medium,6.06,9,2,31
RPT-510336,illegal_parking,"URGENT: Multiple vehicles are double-parked along the main commercial strip, forcing buses to stop in the middle of the road and creating a total traffic deadlock. This situation is impacting hundreds of people on this main road and requires a crew immediately. It's becoming a major liability for the city.",submitted,2025-07-10T00:00:00,Phoenix,AZ,USA,33.44613021707306,-112.07456953050392,Traffic Department,,high,7.84,7,9,39
RPT-220829,noise,Unauthorized late-night party with amplified sound. Need someone to stop this.,submitted,2025-07-23T19:29:14.032639,Los Angeles,CA,USA,34.04651889276572,-118.24495550421936,Public Safety,,medium,4.32,3,9,7
RPT-565851,pothole,EMERGENCY: THE POTHOLE ON THE MAIN ROAD IS GETTING DEEPER AND I'VE SEEN THREE CARS SWERVE INTO THE OPPOSITE LANE TO AVOID IT TODAY. IT'S A SIGNIFICANT SAFETY RISK DURING RUSH HOUR. IMMEDIATE INTERVENTION REQUIRED. LIVES AND PROPERTY ARE AT RISK NEAR A SENSITIVE AREA. PLEASE DISPATCH EMERGENCY MUNICIPAL CREWS NOW.,submitted,2025-12-04T00:00:00,New York,NY,USA,40.7110559439754,-74.00235206433292,Roads & Highways,,critical,9.94,10,10,49
RPT-382126,drainage,I've noticed that the drainage system isn't working properly after the rain.  Please address this as soon as possible.,resolved,2025-05-26T19:27:31.181254,Phoenix,AZ,USA,33.43598165602936,-112.0747092686682,Drainage Authority,2025-06-02T19:27:31.181254,low,3.52,1,5,27
RPT-217659,water_leakage,Slight water seepage on the sidewalk. Persistent issue for weeks.,submitted,2025-10-08T19:29:14.031860,Houston,TX,USA,29.756649445237496,-95.36693732812807,Water Department,,medium,4.42,1,4,47
RPT-624117,streetlight,"Streetlight on the corner remains off every night, making the sidewalk unsafe for pedestrians.",resolved,2024-03-10T21:03:00,Fremont,California,USA,37.5507,-121.9822,Electrical Services,2024-03-13T15:02:00,low,3.56,2,3,31
RPT-339389,streetlight,EMERGENCY: THE ENTIRE BLOCK'S STREETLIGHTS ARE OUT NEAR THE HOSPITAL PARKING ZONE. IT FEELS EXTREMELY UNSAFE FOR THE NIGHT SHIFT STAFF WALKING TO THEIR VEHICLES. IMMEDIATE INTERVENTION REQUIRED. LIVES AND PROPERTY ARE AT RISK NEAR A SENSITIVE AREA. PLEASE DISPATCH EMERGENCY MUNICIPAL CREWS NOW.,submitted,2025-08-07T00:00:00,Chicago,IL,USA,41.880328799230654,-87.63001575173422,Electrical Department,,critical,9.48,9,10,48
RPT-912064,noise,"EMERGENCY: CONSTANT, HIGH-DECIBEL INDUSTRIAL HUMMING COMING FROM THE SITE NEXT TO THE APARTMENT COMPLEX. IT’S BEEN ONGOING FOR 48 HOURS AND IS CAUSING SEVERE SLEEP DEPRIVATION. IMMEDIATE INTERVENTION REQUIRED. LIVES AND PROPERTY ARE AT RISK NEAR A SENSITIVE AREA. PLEASE DISPATCH EMERGENCY MUNICIPAL CREWS NOW.",submitted,2025-08-24T00:00:00,Houston,TX,USA,29.75816024327429,-95.37082030385707,Public Safety,,critical,9.18,9,9,48
RPT-956196,graffiti,Graffiti found on playground slide in local park.,resolved,2024-03-07T16:08:00,Oakland,California,USA,37.8083,-122.2533,Community Services,2024-03-08T13:22:00,medium,4.3,1,5,40
RPT-524973,garbage,URGENT: Illegal dumping at the commercial intersection is blocking the pedestrian crossing. It's a health hazard and completely unsightly for local business owners. This situation is impacting hundreds of people on this main road and requires a crew immediately. It's becoming a major liability for the city.,submitted,2025-12-25T00:00:00,Chicago,IL,USA,41.87962877945163,-87.62650262081009,Sanitation,,high,8.12,8,9,37
RPT-176865,drainage,"URGENT: The storm drain is partially collapsed and blocked with heavy debris. With rain in the forecast, the surrounding residential area is at high risk of flooding. This situation is impacting hundreds of people on this main road and requires a crew immediately. It's becoming a major liability for the city.",submitted,2026-04-30T00:00:00,Los Angeles,CA,USA,34.05703464832051,-118.24482509187251,Drainage Authority,,high,7.06,7,7,36
RPT-210264,illegal-dumping,Construction debris dumped near the entrance to the community garden.,resolved,2024-06-11T08:59:00,Morristown,New Jersey,USA,40.7976,-74.4815,Sanitation,2024-06-13T18:24:00,medium,5.98,4,7,38
RPT-834718,graffiti,Graffiti on abandoned building wall.,closed,2023-09-08T13:11:00,Louisville,KY,USA,38.2571,-85.7743,Community Services,2023-09-11T15:20:00,medium,4.32,3,3,37
RPT-559526,graffiti,Graffiti tags on multiple mailboxes near the station.,closed,2023-07-15T10:05:00,Chicago,IL,USA,41.9204,-87.6622,Public Works,2023-07-16T09:30:00,low,1.54,1,3,4
RPT-894325,drainage,"EMERGENCY: THE STORM DRAIN IS PARTIALLY COLLAPSED AND BLOCKED WITH HEAVY DEBRIS. WITH RAIN IN THE FORECAST, THE SURROUNDING RESIDENTIAL AREA IS AT HIGH RISK OF FLOODING. IMMEDIATE INTERVENTION REQUIRED. LIVES AND PROPERTY ARE AT RISK NEAR A SENSITIVE AREA. PLEASE DISPATCH EMERGENCY MUNICIPAL CREWS NOW.",submitted,2025-05-28T00:00:00,Houston,TX,USA,29.761296982440783,-95.37172489549422,Drainage Authority,,critical,9.88,10,10,48
RPT-661927,water_leakage,"URGENT: A significant water leak near the school entrance is creating a large, slippery pond. It's wasting city resources and making it hard for kids to get to class. This situation is impacting hundreds of people on this main road and requires a crew immediately. It's becoming a major liability for the city.",submitted,2025-10-18T00:00:00,Los Angeles,CA,USA,34.05550443703068,-118.24342618089608,Water Department,,high,7.4,8,7,35
RPT-150042,garbage,"Overflowing garbage bins at the main city bus stop, leading to litter on the sidewalk.",in-progress,2024-03-13T17:32:00,San Diego,California,USA,32.7157,-117.1611,Sanitation,,low,3.32,5,2,12
RPT-690802,garbage,Garbage not picked up for two collection cycles.,submitted,2024-03-14T11:40:00,Walnut Creek,California,USA,37.9032,-122.0682,Sanitation,,medium,5.0,2,7,35
RPT-838374,illegal_parking,"EMERGENCY: MULTIPLE VEHICLES ARE DOUBLE-PARKED ALONG THE MAIN COMMERCIAL STRIP, FORCING BUSES TO STOP IN THE MIDDLE OF THE ROAD AND CREATING A TOTAL TRAFFIC DEADLOCK. IMMEDIATE INTERVENTION REQUIRED. LIVES AND PROPERTY ARE AT RISK NEAR A SENSITIVE AREA. PLEASE DISPATCH EMERGENCY MUNICIPAL CREWS NOW.",submitted,2026-03-19T00:00:00,Los Angeles,CA,USA,34.04932383281172,-118.24858209365094,Traffic Department,,critical,9.3,9,9,50
RPT-686970,noise,"Barking dog that is left outside for hours on end, day and night. It's driving the whole neighborhood crazy.",resolved,2026-02-09T00:00:00,Houston,TX,USA,29.753958594165283,-95.33663164440652,Public Safety,2026-02-16T00:00:00,medium,5.02,4,10,7
RPT-488746,water_leakage,"URGENT: A significant water leak near the school entrance is creating a large, slippery pond. It's wasting city resources and making it hard for kids to get to class. This situation is impacting hundreds of people on this main road and requires a crew immediately. It's becoming a major liability for the city.",submitted,2025-07-12T00:00:00,Los Angeles,CA,USA,34.04844194063384,-118.2476816884328,Water Department,,high,7.66,7,7,46
RPT-300373,pothole,URGENT: The pothole on the main road is getting deeper and I've seen three cars swerve into the opposite lane to avoid it today. It's a significant safety risk during rush hour. This situation is impacting hundreds of people on this main road and requires a crew immediately. It's becoming a major liability for the city.,submitted,2026-03-08T00:00:00,Phoenix,AZ,USA,33.45021251537885,-112.0727232395571,Roads & Highways,,high,7.06,7,7,36
RPT-264974,pothole,EMERGENCY: THE POTHOLE ON THE MAIN ROAD IS GETTING DEEPER AND I'VE SEEN THREE CARS SWERVE INTO THE OPPOSITE LANE TO AVOID IT TODAY. IT'S A SIGNIFICANT SAFETY RISK DURING RUSH HOUR. IMMEDIATE INTERVENTION REQUIRED. LIVES AND PROPERTY ARE AT RISK NEAR A SENSITIVE AREA. PLEASE DISPATCH EMERGENCY MUNICIPAL CREWS NOW.,submitted,2025-05-17T00:00:00,Houston,TX,USA,29.75826666365352,-95.3687904643716,Roads & Highways,,critical,9.7,10,10,45
RPT-289513,noise,Unusually loud vehicle engine noise repeatedly circling the block.,in-progress,2025-05-21T00:00:00,Houston,TX,USA,29.715422509252875,-95.3486431148032,Public Safety,,critical,8.7,9,8,45
RPT-616092,water_leakage,I wanted to report that there's a persistent drip from the main water line.  Please address this as soon as possible.,in-progress,2025-09-25T19:27:31.181418,New York,NY,USA,40.71651837104448,-74.00658239512988,Water Department,,high,7.84,7,10,34
RPT-115040,noise,"Construction noise persists late into the night, disturbing nearby residents.",submitted,2024-06-05T21:02:00,Brooklyn,NY,USA,40.717,-73.963,,,medium,5.16,3,7,31
RPT-748994,pothole,URGENT: The pothole on the main road is getting deeper and I've seen three cars swerve into the opposite lane to avoid it today. It's a significant safety risk during rush hour. This situation is impacting hundreds of people on this main road and requires a crew immediately. It's becoming a major liability for the city.,submitted,2025-05-16T00:00:00,Houston,TX,USA,29.762250961768046,-95.36684610521148,Roads & Highways,,high,7.72,7,7,47
RPT-530163,noise,I've noticed that there is loud construction noise occurring well past midnight.  It's becoming quite dangerous.,submitted,2025-12-11T19:27:31.180816,Los Angeles,CA,USA,34.065360538079574,-118.25220552076333,Public Safety,,high,8.14,10,10,19
RPT-506878,illegal_parking,"EMERGENCY: MULTIPLE VEHICLES ARE DOUBLE-PARKED ALONG THE MAIN COMMERCIAL STRIP, FORCING BUSES TO STOP IN THE MIDDLE OF THE ROAD AND CREATING A TOTAL TRAFFIC DEADLOCK. IMMEDIATE INTERVENTION REQUIRED. LIVES AND PROPERTY ARE AT RISK NEAR A SENSITIVE AREA. PLEASE DISPATCH EMERGENCY MUNICIPAL CREWS NOW.",submitted,2025-12-07T00:00:00,Phoenix,AZ,USA,33.45024993405524,-112.07239587436946,Traffic Department,,critical,9.06,9,9,46
RPT-843999,noise,Barking dogs left unattended for hours in the backyard. Extremely disruptive for the neighborhood.,in-progress,2025-09-22T20:38:18.159366,New York,NY,USA,40.71946342507208,-73.99898434663453,Public Safety,,low,3.7,7,2,5
RPT-197127,illegal_parking,"Van parked in the bike lane, very dangerous for commuters.",resolved,2025-06-17T00:00:00,New York,NY,USA,40.70281636528755,-73.98625876266004,Traffic Department,2025-06-18T00:00:00,medium,4.98,3,3,48
RPT-251708,drainage,Storm drain is clogged with leaves and debris. Flooding expected if it rains.,resolved,2025-11-17T19:29:14.031108,Chicago,IL,USA,41.88159585498103,-87.63517661987903,Drainage Authority,2025-11-24T19:29:14.031108,medium,5.04,3,5,39
RPT-567238,drainage,Water isn't draining at all after the storm. There's a massive pool in front of the school entrance.,submitted,2025-10-04T00:00:00,New York,NY,USA,40.684932875735,-74.02902889906132,Drainage Authority,,medium,6.12,6,4,42
RPT-256240,noise,"URGENT: Constant, high-decibel industrial humming coming from the site next to the apartment complex. It’s been ongoing for 48 hours and is causing severe sleep deprivation. This situation is impacting hundreds of people on this main road and requires a crew immediately. It's becoming a major liability for the city.",submitted,2025-10-01T00:00:00,Los Angeles,CA,USA,34.05530446255584,-118.24583965837044,Public Safety,,high,8.3,8,8,45
RPT-171638,graffiti,Graffiti reported on utility box near bus stop.,submitted,2024-03-10T13:41:00,Berkeley,California,USA,37.8796,-122.2691,Community Services,,medium,4.08,3,2,38
RPT-532360,water-leak,"Water leak on the sidewalk in front of 52 Oakwood Ave, water pooling for two days.",resolved,2024-06-11T11:19:00,Hoboken,New Jersey,USA,40.7433,-74.0288,Waterworks,2024-06-13T13:46:00,medium,4.36,4,3,31
RPT-170385,drainage,Sewer smell is backing up into the street. The drainage system definitely needs a cleaning.,resolved,2025-07-13T20:38:18.157949,New York,NY,USA,40.72065830650244,-74.00566421317154,Drainage Authority,2025-07-18T20:38:18.157949,medium,5.6,5,10,10
RPT-659570,illegal_parking,Truck is parked in a no-parking zone right in front of the fire hydrant. This is illegal and dangerous.,submitted,2025-12-10T00:00:00,Phoenix,AZ,USA,33.48476226779061,-112.0569895583009,Traffic Department,,medium,4.2,3,4,30
RPT-728710,water_leakage,"Water bubbling up through the pavement, looks like a pipe failure.",resolved,2025-12-18T00:00:00,Phoenix,AZ,USA,33.43261269648459,-112.05366707608336,Water Department,2025-12-22T00:00:00,medium,5.44,4,4,44
RPT-513974,noise,"URGENT: Constant, high-decibel industrial humming coming from the site next to the apartment complex. It’s been ongoing for 48 hours and is causing severe sleep deprivation. This situation is impacting hundreds of people on this main road and requires a crew immediately. It's becoming a major liability for the city.",submitted,2025-07-01T00:00:00,Phoenix,AZ,USA,33.45144888652368,-112.07053659720144,Public Safety,,high,8.08,7,9,43
RPT-617628,pothole,URGENT: The pothole on the main road is getting deeper and I've seen three cars swerve into the opposite lane to avoid it today. It's a significant safety risk during rush hour. This situation is impacting hundreds of people on this main road and requires a crew immediately. It's becoming a major liability for the city.,submitted,2025-06-13T00:00:00,Los Angeles,CA,USA,34.04812626568246,-118.23921764008531,Roads & Highways,,high,7.34,8,7,34
RPT-790807,water-leak,"Water leaking from hydrant near the elementary school, causing slippery sidewalks.",in-progress,2024-03-08T08:31:00,Palo Alto,California,USA,37.4419,-122.143,Water Department,,medium,5.14,4,2,49
RPT-490488,water_leakage,Water pooling in the basement/street level. Possible pipe burst underground.,resolved,2025-08-08T19:29:14.031360,Houston,TX,USA,29.750592864637383,-95.3793005011093,Water Department,2025-08-20T19:29:14.031360,medium,4.98,3,10,13
RPT-581713,water_leakage,Water is bubbling up through the cracks in the sidewalk. It's been like this since yesterday morning.,resolved,2025-06-24T00:00:00,Chicago,IL,USA,41.8242756811586,-87.61546225141281,Water Department,2025-07-03T00:00:00,low,3.98,5,5,8
RPT-162771,graffiti,Graffiti on bus stop shelter.,in-progress,2023-08-30T19:13:00,Chicago,IL,USA,41.8909,-87.6814,Community Services,,low,2.18,2,2,13
RPT-162785,noise,"URGENT: Constant, high-decibel industrial humming coming from the site next to the apartment complex. It’s been ongoing for 48 hours and is causing severe sleep deprivation. This situation is impacting hundreds of people on this main road and requires a crew immediately. It's becoming a major liability for the city.",submitted,2026-02-15T00:00:00,New York,NY,USA,40.71576557470036,-74.00310133137164,Public Safety,,high,7.48,7,8,38
RPT-793689,streetlight,URGENT: The entire block's streetlights are out near the hospital parking zone. It feels extremely unsafe for the night shift staff walking to their vehicles. This situation is impacting hundreds of people on this main road and requires a crew immediately. It's becoming a major liability for the city.,submitted,2025-12-27T00:00:00,Phoenix,AZ,USA,33.452908333886015,-112.06932160512306,Electrical Department,,high,8.2,7,9,45
RPT-701289,water_leakage,"EMERGENCY: A SIGNIFICANT WATER LEAK NEAR THE SCHOOL ENTRANCE IS CREATING A LARGE, SLIPPERY POND. IT'S WASTING CITY RESOURCES AND MAKING IT HARD FOR KIDS TO GET TO CLASS. IMMEDIATE INTERVENTION REQUIRED. LIVES AND PROPERTY ARE AT RISK NEAR A SENSITIVE AREA. PLEASE DISPATCH EMERGENCY MUNICIPAL CREWS NOW.",submitted,2025-05-14T00:00:00,Chicago,IL,USA,41.87630215353773,-87.62821456379541,Water Department,,critical,10.0,10,10,50
RPT-701355,drainage,"EMERGENCY: THE STORM DRAIN IS PARTIALLY COLLAPSED AND BLOCKED WITH HEAVY DEBRIS. WITH RAIN IN THE FORECAST, THE SURROUNDING RESIDENTIAL AREA IS AT HIGH RISK OF FLOODING. IMMEDIATE INTERVENTION REQUIRED. LIVES AND PROPERTY ARE AT RISK NEAR A SENSITIVE AREA. PLEASE DISPATCH EMERGENCY MUNICIPAL CREWS NOW.",submitted,2025-08-20T00:00:00,Houston,TX,USA,29.762415614301904,-95.36780887167572,Drainage Authority,,critical,9.18,9,9,48
RPT-359524,drainage,"URGENT: The storm drain is partially collapsed and blocked with heavy debris. With rain in the forecast, the surrounding residential area is at high risk of flooding. This situation is impacting hundreds of people on this main road and requires a crew immediately. It's becoming a major liability for the city.",submitted,2025-11-09T00:00:00,New York,NY,USA,40.71756563168141,-74.01042375609211,Drainage Authority,,high,7.84,7,9,39
RPT-449378,streetlight,"Bulb burned out weeks ago, city hasn't replaced it despite previous reports.",resolved,2026-02-06T20:38:18.156092,Houston,TX,USA,29.76563900217907,-95.3600583706018,Electrical Department,2026-02-13T20:38:18.156092,medium,6.74,8,8,19
RPT-759908,pothole,The road surface is deteriorating rapidly. There's a section about 3 feet wide that is basically crumbling away.,resolved,2026-02-02T00:00:00,Chicago,IL,USA,41.82700927151851,-87.66586583892246,Roads & Highways,2026-02-04T00:00:00,medium,6.08,5,10,18
RPT-874613,drainage,Water not draining properly at the curb. Creates a mosquito breeding ground.,submitted,2025-12-23T19:29:14.032714,Los Angeles,CA,USA,34.05809201270228,-118.24714880582206,Drainage Authority,,medium,4.18,1,8,23
RPT-734034,streetlight,Lens cover is broken on the streetlight. Bulb is exposed.,resolved,2025-08-27T19:29:14.033293,Phoenix,AZ,USA,33.4389466456364,-112.0793066533025,Electrical Department,2025-09-07T19:29:14.033293,low,2.8,4,2,10
RPT-482476,water_leakage,Emergency: Water main break flooding the street.,in-progress,2025-10-16T19:29:14.031494,New York,NY,USA,40.705621184568685,-74.00746718585387,Water Department,,low,3.18,3,4,13
RPT-504696,illegal_parking,"EMERGENCY: MULTIPLE VEHICLES ARE DOUBLE-PARKED ALONG THE MAIN COMMERCIAL STRIP, FORCING BUSES TO STOP IN THE MIDDLE OF THE ROAD AND CREATING A TOTAL TRAFFIC DEADLOCK. IMMEDIATE INTERVENTION REQUIRED. LIVES AND PROPERTY ARE AT RISK NEAR A SENSITIVE AREA. PLEASE DISPATCH EMERGENCY MUNICIPAL CREWS NOW.",submitted,2026-01-29T00:00:00,Los Angeles,CA,USA,34.05444657417313,-118.24086484182538,Traffic Department,,critical,9.06,9,9,46
RPT-365391,water_leakage,I suspect a major water main break nearby. There is a huge puddle that keeps growing and the water pressure in our building is low.,in-progress,2025-06-25T00:00:00,New York,NY,USA,40.73464929554957,-74.00092609532685,Water Department,,high,7.18,10,4,33
RPT-402921,illegal_parking,"URGENT: Multiple vehicles are double-parked along the main commercial strip, forcing buses to stop in the middle of the road and creating a total traffic deadlock. This situation is impacting hundreds of people on this main road and requires a crew immediately. It's becoming a major liability for the city.",submitted,2025-09-13T00:00:00,Chicago,IL,USA,41.88052057401028,-87.63301445580512,Traffic Department,,high,7.78,7,8,43
RPT-113498,water-leak,Sprinkler system leaking onto sidewalk in front of 12 4th Ave.,in-progress,2024-06-15T14:30:00,Westfield,New Jersey,USA,40.6537,-74.3474,Waterworks,,low,3.62,2,3,32
RPT-435536,water_leakage,"URGENT: A significant water leak near the school entrance is creating a large, slippery pond. It's wasting city resources and making it hard for kids to get to class. This situation is impacting hundreds of people on this main road and requires a crew immediately. It's becoming a major liability for the city.",submitted,2025-10-26T00:00:00,Phoenix,AZ,USA,33.44754581599869,-112.07440325113966,Water Department,,high,7.3,7,9,30
RPT-953828,garbage,EMERGENCY: ILLEGAL DUMPING AT THE COMMERCIAL INTERSECTION IS BLOCKING THE PEDESTRIAN CROSSING. IT'S A HEALTH HAZARD AND COMPLETELY UNSIGHTLY FOR LOCAL BUSINESS OWNERS. IMMEDIATE INTERVENTION REQUIRED. LIVES AND PROPERTY ARE AT RISK NEAR A SENSITIVE AREA. PLEASE DISPATCH EMERGENCY MUNICIPAL CREWS NOW.,submitted,2025-06-20T00:00:00,New York,NY,USA,40.71229228317736,-74.00327436366197,Sanitation,,critical,9.06,9,9,46
RPT-607962,garbage,EMERGENCY: ILLEGAL DUMPING AT THE COMMERCIAL INTERSECTION IS BLOCKING THE PEDESTRIAN CROSSING. IT'S A HEALTH HAZARD AND COMPLETELY UNSIGHTLY FOR LOCAL BUSINESS OWNERS. IMMEDIATE INTERVENTION REQUIRED. LIVES AND PROPERTY ARE AT RISK NEAR A SENSITIVE AREA. PLEASE DISPATCH EMERGENCY MUNICIPAL CREWS NOW.,submitted,2025-06-15T00:00:00,Chicago,IL,USA,41.87610708966277,-87.62554661952888,Sanitation,,critical,9.06,9,9,46
RPT-264884,pothole,"The asphalt is crumbling, creating a major hazard for commuters.",in-progress,2025-11-30T00:00:00,New York,NY,USA,40.75715740931321,-73.96300763515174,Roads & Highways,,medium,6.06,6,6,31
RPT-526006,drainage,"Storm drain cover is missing or broken, safety risk.",resolved,2025-10-02T00:00:00,New York,NY,USA,40.68592132064463,-74.0004095938414,Drainage Authority,2025-10-06T00:00:00,low,3.82,1,10,7
RPT-841531,drainage,"Whenever it rains, the water pools up halfway across the street because the drain isn't catching anything.",resolved,2025-11-04T00:00:00,Houston,TX,USA,29.74314103624897,-95.39283150385866,Drainage Authority,2025-11-13T00:00:00,medium,6.44,8,7,19
RPT-858756,water_leakage,"Constant wet patch on the road, suspect a water leak beneath.",resolved,2025-10-30T00:00:00,Houston,TX,USA,29.74224954740307,-95.38499596741056,Water Department,2025-11-04T00:00:00,medium,6.12,9,7,7
RPT-602060,streetlight,"Streetlight pole damaged after accident, needs replacement.",closed,2024-05-28T20:12:00,Brooklyn,NY,USA,40.678,-73.983,Electrical Services,2024-05-29T09:46:00,medium,6.68,8,2,48
RPT-901277,pothole,EMERGENCY: THE POTHOLE ON THE MAIN ROAD IS GETTING DEEPER AND I'VE SEEN THREE CARS SWERVE INTO THE OPPOSITE LANE TO AVOID IT TODAY. IT'S A SIGNIFICANT SAFETY RISK DURING RUSH HOUR. IMMEDIATE INTERVENTION REQUIRED. LIVES AND PROPERTY ARE AT RISK NEAR A SENSITIVE AREA. PLEASE DISPATCH EMERGENCY MUNICIPAL CREWS NOW.,submitted,2026-04-27T00:00:00,New York,NY,USA,40.71074415987049,-74.00962592966327,Roads & Highways,,critical,9.64,10,9,49
RPT-504862,pothole,EMERGENCY: THE POTHOLE ON THE MAIN ROAD IS GETTING DEEPER AND I'VE SEEN THREE CARS SWERVE INTO THE OPPOSITE LANE TO AVOID IT TODAY. IT'S A SIGNIFICANT SAFETY RISK DURING RUSH HOUR. IMMEDIATE INTERVENTION REQUIRED. LIVES AND PROPERTY ARE AT RISK NEAR A SENSITIVE AREA. PLEASE DISPATCH EMERGENCY MUNICIPAL CREWS NOW.,submitted,2025-12-18T00:00:00,Chicago,IL,USA,41.88231734050023,-87.63241376578647,Roads & Highways,,critical,9.48,9,10,48
RPT-402763,pothole,EMERGENCY: THE POTHOLE ON THE MAIN ROAD IS GETTING DEEPER AND I'VE SEEN THREE CARS SWERVE INTO THE OPPOSITE LANE TO AVOID IT TODAY. IT'S A SIGNIFICANT SAFETY RISK DURING RUSH HOUR. IMMEDIATE INTERVENTION REQUIRED. LIVES AND PROPERTY ARE AT RISK NEAR A SENSITIVE AREA. PLEASE DISPATCH EMERGENCY MUNICIPAL CREWS NOW.,submitted,2025-08-10T00:00:00,Phoenix,AZ,USA,33.45279391624328,-112.07276322729284,Roads & Highways,,critical,9.36,9,10,46
RPT-535008,water_leakage,"Constant water bubbling up from under the pavement. Looks like a main pipe leak, very wasteful.",resolved,2025-12-23T20:38:18.159746,Phoenix,AZ,USA,33.45748413152412,-112.06972745776314,Water Department,2025-12-29T20:38:18.159746,medium,5.98,7,7,18
RPT-503958,streetlight,EMERGENCY: THE ENTIRE BLOCK'S STREETLIGHTS ARE OUT NEAR THE HOSPITAL PARKING ZONE. IT FEELS EXTREMELY UNSAFE FOR THE NIGHT SHIFT STAFF WALKING TO THEIR VEHICLES. IMMEDIATE INTERVENTION REQUIRED. LIVES AND PROPERTY ARE AT RISK NEAR A SENSITIVE AREA. PLEASE DISPATCH EMERGENCY MUNICIPAL CREWS NOW.,submitted,2025-11-19T00:00:00,Houston,TX,USA,29.762296303515075,-95.37155910410245,Electrical Department,,critical,9.24,9,9,49
RPT-436948,drainage,"Storm drain cover is missing or broken, safety risk.",submitted,2025-03-19T00:00:00,New York,NY,USA,40.70170533898751,-74.02137828135359,Drainage Authority,,low,3.46,4,6,1
RPT-402426,garbage,Illegal dumping of large furniture items in the alleyway. Need sanitation pickup.,resolved,2026-04-04T19:29:14.032789,Chicago,IL,USA,41.87906969148005,-87.63433422292599,Sanitation,2026-04-09T19:29:14.032789,medium,4.52,2,5,37
RPT-639478,water_leakage,"EMERGENCY: A SIGNIFICANT WATER LEAK NEAR THE SCHOOL ENTRANCE IS CREATING A LARGE, SLIPPERY POND. IT'S WASTING CITY RESOURCES AND MAKING IT HARD FOR KIDS TO GET TO CLASS. IMMEDIATE INTERVENTION REQUIRED. LIVES AND PROPERTY ARE AT RISK NEAR A SENSITIVE AREA. PLEASE DISPATCH EMERGENCY MUNICIPAL CREWS NOW.",submitted,2025-08-22T00:00:00,Chicago,IL,USA,41.87386582211936,-87.62846881598429,Water Department,,critical,9.06,9,9,46
RPT-688209,pothole,I've noticed that a dangerous crater forming on the side of the road.  Please address this as soon as possible.,submitted,2025-07-06T19:27:31.183129,Phoenix,AZ,USA,33.45570560755099,-112.08193912706012,Roads & Highways,,high,8.44,10,7,39
RPT-360832,water_leakage,"EMERGENCY: A SIGNIFICANT WATER LEAK NEAR THE SCHOOL ENTRANCE IS CREATING A LARGE, SLIPPERY POND. IT'S WASTING CITY RESOURCES AND MAKING IT HARD FOR KIDS TO GET TO CLASS. IMMEDIATE INTERVENTION REQUIRED. LIVES AND PROPERTY ARE AT RISK NEAR A SENSITIVE AREA. PLEASE DISPATCH EMERGENCY MUNICIPAL CREWS NOW.",submitted,2026-02-07T00:00:00,Phoenix,AZ,USA,33.44508199080479,-112.07640964402924,Water Department,,critical,9.54,9,10,49
RPT-992650,pothole,It's really frustrating that a small pothole that is getting deeper every day.  It's becoming quite dangerous.,resolved,2025-10-11T19:27:31.182262,Los Angeles,CA,USA,34.0447186271807,-118.2616773735672,Roads & Highways,2025-10-17T19:27:31.182262,high,8.14,10,10,19
RPT-589058,drainage,"Manhole cover is rattling loudly whenever a car drives over it, and the area around it is caved in.",resolved,2025-05-04T20:38:18.158931,Houston,TX,USA,29.761370876129096,-95.3610208700136,Drainage Authority,2025-05-09T20:38:18.158931,high,7.14,9,6,29
RPT-918304,noise,Please look into there is loud machinery operating which is very disruptive.  I'm concerned about safety here.,resolved,2025-11-30T19:27:31.183724,Phoenix,AZ,USA,33.4368912236401,-112.09200698899616,Public Safety,2025-12-02T19:27:31.183724,medium,4.24,4,8,4
RPT-806325,noise,Barking dog left unattended on the balcony all day.,resolved,2025-08-17T00:00:00,Phoenix,AZ,USA,33.499289105253425,-112.10748326019012,Public Safety,2025-08-19T00:00:00,medium,6.76,7,10,16
RPT-852499,water_leakage,Emergency: Water main break flooding the street.,resolved,2025-07-01T19:29:14.031007,Chicago,IL,USA,41.87516240921831,-87.6317610428801,Water Department,2025-07-05T19:29:14.031007,medium,4.16,2,7,21
RPT-850884,garbage,EMERGENCY: ILLEGAL DUMPING AT THE COMMERCIAL INTERSECTION IS BLOCKING THE PEDESTRIAN CROSSING. IT'S A HEALTH HAZARD AND COMPLETELY UNSIGHTLY FOR LOCAL BUSINESS OWNERS. IMMEDIATE INTERVENTION REQUIRED. LIVES AND PROPERTY ARE AT RISK NEAR A SENSITIVE AREA. PLEASE DISPATCH EMERGENCY MUNICIPAL CREWS NOW.,submitted,2025-11-04T00:00:00,Houston,TX,USA,29.755858923865397,-95.36612797823818,Sanitation,,critical,9.3,9,10,45
RPT-230342,water_leakage,Constant dripping from the water main. Wasting so much water.,submitted,2025-10-18T19:29:14.031780,Chicago,IL,USA,41.877595753011086,-87.62669981837577,Water Department,,low,2.68,4,3,3
RPT-427358,drainage,"Storm drain cover is missing or broken, safety risk.",resolved,2025-11-23T00:00:00,Chicago,IL,USA,41.83108741758056,-87.65876034959044,Drainage Authority,2025-11-30T00:00:00,medium,5.86,7,2,41
RPT-637712,drainage,"Whenever it rains, the water pools up halfway across the street because the drain isn't catching anything.",resolved,2025-10-15T00:00:00,Houston,TX,USA,29.731837240789723,-95.35697945050954,Drainage Authority,2025-10-17T00:00:00,medium,5.14,7,2,29
RPT-374559,pothole,Multiple potholes forming on the bridge surface.,submitted,2023-09-11T08:32:00,Louisville,KY,USA,38.2529,-85.7494,Road Maintenance,,medium,4.6,4,7,15
RPT-140293,water_leakage,"EMERGENCY: A SIGNIFICANT WATER LEAK NEAR THE SCHOOL ENTRANCE IS CREATING A LARGE, SLIPPERY POND. IT'S WASTING CITY RESOURCES AND MAKING IT HARD FOR KIDS TO GET TO CLASS. IMMEDIATE INTERVENTION REQUIRED. LIVES AND PROPERTY ARE AT RISK NEAR A SENSITIVE AREA. PLEASE DISPATCH EMERGENCY MUNICIPAL CREWS NOW.",submitted,2026-04-11T00:00:00,Phoenix,AZ,USA,33.44522510884173,-112.077892760828,Water Department,,critical,9.54,9,10,49
RPT-388345,garbage,URGENT: Illegal dumping at the commercial intersection is blocking the pedestrian crossing. It's a health hazard and completely unsightly for local business owners. This situation is impacting hundreds of people on this main road and requires a crew immediately. It's becoming a major liability for the city.,submitted,2026-04-09T00:00:00,New York,NY,USA,40.71124292256026,-74.00433428848403,Sanitation,,high,7.88,8,9,33
RPT-986775,illegal_parking,"There's a car parked in the bike lane, forcing cyclists to swerve into traffic. Accident waiting to happen.",in-progress,2025-11-29T00:00:00,Houston,TX,USA,29.74250841748517,-95.38082770219532,Traffic Department,,medium,6.64,10,4,24
RPT-737745,garbage,Broken glass and trash scattered along the curb. Not safe for pedestrians.,in-progress,2025-11-22T19:29:14.032117,New York,NY,USA,40.71142404249216,-74.01493016759588,Sanitation,,medium,5.84,2,8,44
RPT-297041,water_leakage,"URGENT: A significant water leak near the school entrance is creating a large, slippery pond. It's wasting city resources and making it hard for kids to get to class. This situation is impacting hundreds of people on this main road and requires a crew immediately. It's becoming a major liability for the city.",submitted,2026-03-25T00:00:00,Los Angeles,CA,USA,34.053182776797655,-118.24761676636666,Water Department,,high,7.88,8,7,43
RPT-124163,noise,Unusually loud vehicle engine noise repeatedly circling the block.,resolved,2025-12-08T00:00:00,New York,NY,USA,40.6979572074214,-73.9688055938773,Public Safety,2025-12-18T00:00:00,high,7.82,8,6,47
RPT-113164,streetlight,Streetlight is flickering like a strobe light. It's distracting and potentially blinding drivers.,submitted,2025-09-09T20:38:18.157360,Los Angeles,CA,USA,34.061553653112405,-118.24246999964028,Electrical Department,,medium,5.2,7,6,10
RPT-200767,other,"Broken swing set in local playground, needs urgent repair.",in-progress,2024-06-03T16:11:00,Brooklyn,NY,USA,40.698,-73.938,Parks & Recreation,,low,3.42,6,2,7
RPT-520292,drainage,"Water pooling on the curb, not draining into the storm sewer.",in-progress,2025-03-11T00:00:00,Houston,TX,USA,29.72848643867293,-95.40378467014528,Drainage Authority,,medium,6.18,9,3,28
RPT-257299,noise,"EMERGENCY: CONSTANT, HIGH-DECIBEL INDUSTRIAL HUMMING COMING FROM THE SITE NEXT TO THE APARTMENT COMPLEX. IT’S BEEN ONGOING FOR 48 HOURS AND IS CAUSING SEVERE SLEEP DEPRIVATION. IMMEDIATE INTERVENTION REQUIRED. LIVES AND PROPERTY ARE AT RISK NEAR A SENSITIVE AREA. PLEASE DISPATCH EMERGENCY MUNICIPAL CREWS NOW.",submitted,2025-08-26T00:00:00,Los Angeles,CA,USA,34.05083278964896,-118.24095234754203,Public Safety,,critical,9.24,9,9,49
RPT-627855,drainage,"Storm drain cover is missing or broken, safety risk.",submitted,2025-11-24T00:00:00,Houston,TX,USA,29.7776944009504,-95.3755049990638,Drainage Authority,,medium,6.1,10,3,20
RPT-130288,pothole,Dangerous pothole on the bike lane reported by several cyclists.,resolved,2024-03-07T11:17:00,Campbell,California,USA,37.2859,-121.9507,Public Works,2024-03-09T10:55:00,medium,6.52,10,7,7
RPT-882122,drainage,"Storm drain cover is missing or broken, safety risk.",submitted,2025-07-10T00:00:00,Houston,TX,USA,29.718083280599043,-95.40501178141926,Drainage Authority,,low,2.72,5,2,2
RPT-150814,garbage,Uncollected garbage in alleyway causing bad smell and attracting rats.,in-progress,2024-06-02T10:03:00,New York,NY,USA,40.722,-73.978,Sanitation,,low,3.56,2,2,36
RPT-563498,pothole,URGENT: The pothole on the main road is getting deeper and I've seen three cars swerve into the opposite lane to avoid it today. It's a significant safety risk during rush hour. This situation is impacting hundreds of people on this main road and requires a crew immediately. It's becoming a major liability for the city.,submitted,2025-07-27T00:00:00,Houston,TX,USA,29.7633904278782,-95.37129814993656,Roads & Highways,,high,7.42,7,7,42
RPT-157756,graffiti,"Graffiti observed on the side wall of the community center, spreading across several meters.",submitted,2024-03-12T14:37:00,Los Angeles,California,USA,34.0263,-118.2821,Community Services,,medium,6.46,4,7,46
RPT-346591,pothole,Small but sharp pothole that is definitely going to pop someone's tire. Could we get this filled quickly?,in-progress,2025-10-14T00:00:00,Chicago,IL,USA,41.85816177611593,-87.59612419729125,Roads & Highways,,medium,4.76,2,8,26
RPT-601447,streetlight,"Bulb burned out weeks ago, city hasn't replaced it despite previous reports.",resolved,2025-06-02T20:38:18.159124,Chicago,IL,USA,41.88604059699028,-87.62900563765763,Electrical Department,2025-06-12T20:38:18.159124,medium,5.38,7,6,13
RPT-418131,noise,"EMERGENCY: CONSTANT, HIGH-DECIBEL INDUSTRIAL HUMMING COMING FROM THE SITE NEXT TO THE APARTMENT COMPLEX. IT’S BEEN ONGOING FOR 48 HOURS AND IS CAUSING SEVERE SLEEP DEPRIVATION. IMMEDIATE INTERVENTION REQUIRED. LIVES AND PROPERTY ARE AT RISK NEAR A SENSITIVE AREA. PLEASE DISPATCH EMERGENCY MUNICIPAL CREWS NOW.",submitted,2026-01-31T00:00:00,Phoenix,AZ,USA,33.44939366688895,-112.0698882262936,Public Safety,,critical,9.48,9,10,48
RPT-558145,water_leakage,"I've noticed that significant water pooling is occurring, possibly a burst pipe.  This has been happening for a while now.",submitted,2026-03-09T19:27:31.181659,Phoenix,AZ,USA,33.45930860034853,-112.05502040253144,Water Department,,medium,4.22,2,7,22
RPT-720285,noise,It's really frustrating that barking dogs are being left unattended for hours at a time.  It's creating an eyesore for the neighborhood.,submitted,2025-08-22T19:27:31.180878,Phoenix,AZ,USA,33.428711885997615,-112.07576827055208,Public Safety,,low,3.98,2,10,3
RPT-325932,streetlight,URGENT: The entire block's streetlights are out near the hospital parking zone. It feels extremely unsafe for the night shift staff walking to their vehicles. This situation is impacting hundreds of people on this main road and requires a crew immediately. It's becoming a major liability for the city.,submitted,2025-09-19T00:00:00,Los Angeles,CA,USA,34.050618117699884,-118.2461068386991,Electrical Department,,high,7.94,8,7,44
RPT-851165,pothole,Severe road damage causing noise and potential vehicle suspension issues.,resolved,2025-03-01T00:00:00,New York,NY,USA,40.71437104582869,-74.01730883385382,Roads & Highways,2025-03-02T00:00:00,medium,4.78,4,8,13
RPT-723830,water-leak,"Pipe leak near library entrance, water pooling on steps.",resolved,2024-03-13T11:18:00,Santa Clara,California,USA,37.3653,-121.957,Water Department,2024-03-14T16:03:00,low,3.8,2,8,10
RPT-547794,drainage,"URGENT: The storm drain is partially collapsed and blocked with heavy debris. With rain in the forecast, the surrounding residential area is at high risk of flooding. This situation is impacting hundreds of people on this main road and requires a crew immediately. It's becoming a major liability for the city.",submitted,2026-01-02T00:00:00,Los Angeles,CA,USA,34.05248997506878,-118.24012620222604,Drainage Authority,,high,8.3,8,9,40
RPT-200829,noise,Loud music from the neighbor's party is rattling my windows.,resolved,2025-04-08T00:00:00,Phoenix,AZ,USA,33.47002400381973,-112.09581751010454,Public Safety,2025-04-13T00:00:00,medium,4.92,9,4,2
RPT-743851,drainage,Standing water on the road for days after the rain. The storm drain just isn't working.,resolved,2025-04-26T20:38:18.157861,Los Angeles,CA,USA,34.06175482709468,-118.23850212108503,Drainage Authority,2025-05-06T20:38:18.157861,medium,6.04,1,9,49
RPT-388280,drainage,"Storm drain cover is missing or broken, safety risk.",in-progress,2025-12-07T00:00:00,Phoenix,AZ,USA,33.42406079602316,-112.05745189102332,Drainage Authority,,medium,6.48,3,10,38
RPT-628715,water_leakage,"URGENT: A significant water leak near the school entrance is creating a large, slippery pond. It's wasting city resources and making it hard for kids to get to class. This situation is impacting hundreds of people on this main road and requires a crew immediately. It's becoming a major liability for the city.",submitted,2025-12-15T00:00:00,Houston,TX,USA,29.75993162232095,-95.373806666912,Water Department,,high,7.48,7,7,43
RPT-589564,water-leak,Water leaking from the hydrant outside our building.,resolved,2023-09-03T07:49:00,Indianapolis,IN,USA,39.7498,-86.1627,Water Services,2023-09-06T14:53:00,medium,4.36,1,7,31
RPT-632598,drainage,"URGENT: The storm drain is partially collapsed and blocked with heavy debris. With rain in the forecast, the surrounding residential area is at high risk of flooding. This situation is impacting hundreds of people on this main road and requires a crew immediately. It's becoming a major liability for the city.",submitted,2025-06-21T00:00:00,New York,NY,USA,40.71471500508524,-74.00290146297061,Drainage Authority,,high,7.82,8,7,42
RPT-449889,streetlight,Streetlight out on the corner again. It's pitch black at night and I don't feel safe walking my dog.,in-progress,2025-11-28T00:00:00,Chicago,IL,USA,41.85944855175966,-87.57309762006568,Electrical Department,,medium,5.46,3,5,46
RPT-997491,pothole,Small but sharp pothole that is definitely going to pop someone's tire. Could we get this filled quickly?,resolved,2026-03-18T00:00:00,Houston,TX,USA,29.77765756062268,-95.36981901082476,Roads & Highways,2026-03-28T00:00:00,high,8.16,9,10,26
RPT-157916,streetlight,Streetlight is flickering like a strobe light. It's distracting and potentially blinding drivers.,in-progress,2025-09-01T20:38:18.157190,Los Angeles,CA,USA,34.05959418246401,-118.2360723947504,Electrical Department,,low,2.48,2,2,18
RPT-737682,noise,Bar behind our building plays music too loud late at night.,in-progress,2023-08-18T23:39:00,Chicago,IL,USA,41.8832,-87.6525,Noise Control,,medium,5.02,1,7,42
RPT-216302,streetlight,Streetlight pole damaged in recent storm.,resolved,2023-09-09T18:51:00,Chicago,IL,USA,41.9107,-87.672,Electrical Services,2023-09-11T14:25:00,medium,4.34,2,3,44
RPT-801835,streetlight,"Streetlight timer malfunctioning, lights on during daytime.",resolved,2024-03-09T06:44:00,Daly City,California,USA,37.6879,-122.4721,Electrical Services,2024-03-10T10:11:00,medium,5.5,4,3,50
RPT-800156,garbage,EMERGENCY: ILLEGAL DUMPING AT THE COMMERCIAL INTERSECTION IS BLOCKING THE PEDESTRIAN CROSSING. IT'S A HEALTH HAZARD AND COMPLETELY UNSIGHTLY FOR LOCAL BUSINESS OWNERS. IMMEDIATE INTERVENTION REQUIRED. LIVES AND PROPERTY ARE AT RISK NEAR A SENSITIVE AREA. PLEASE DISPATCH EMERGENCY MUNICIPAL CREWS NOW.,submitted,2025-08-05T00:00:00,Phoenix,AZ,USA,33.4504125082767,-112.07437983461658,Sanitation,,critical,9.54,9,10,49
RPT-601240,illegal_parking,"Illegal parking in the no-stopping zone, causing a bottleneck.",resolved,2025-07-08T19:29:14.032869,Chicago,IL,USA,41.87292051052951,-87.62745465796876,Traffic Department,2025-07-16T19:29:14.032869,medium,5.44,1,9,39
RPT-106091,garbage,EMERGENCY: ILLEGAL DUMPING AT THE COMMERCIAL INTERSECTION IS BLOCKING THE PEDESTRIAN CROSSING. IT'S A HEALTH HAZARD AND COMPLETELY UNSIGHTLY FOR LOCAL BUSINESS OWNERS. IMMEDIATE INTERVENTION REQUIRED. LIVES AND PROPERTY ARE AT RISK NEAR A SENSITIVE AREA. PLEASE DISPATCH EMERGENCY MUNICIPAL CREWS NOW.,submitted,2026-03-05T00:00:00,New York,NY,USA,40.71105121860715,-74.00594507334125,Sanitation,,critical,9.3,9,9,50
RPT-766298,drainage,Large blockage in the storm drain pipe. Water is backing up.,submitted,2026-02-06T19:29:14.033320,Houston,TX,USA,29.765566285588744,-95.3793748911062,Drainage Authority,,low,2.68,1,7,3
RPT-672685,noise,"Barking dog that is left outside for hours on end, day and night. It's driving the whole neighborhood crazy.",in-progress,2025-06-29T00:00:00,New York,NY,USA,40.67808199466778,-73.96469679605535,Public Safety,,medium,5.74,7,6,19
RPT-892035,garbage,It's really frustrating that garbage collection seems to have been missed this week.  I'm concerned about safety here.,submitted,2025-11-21T19:27:31.182693,Houston,TX,USA,29.776280490062085,-95.37283255554964,Sanitation,,medium,5.04,3,7,29
RPT-710800,water_leakage,"EMERGENCY: A SIGNIFICANT WATER LEAK NEAR THE SCHOOL ENTRANCE IS CREATING A LARGE, SLIPPERY POND. IT'S WASTING CITY RESOURCES AND MAKING IT HARD FOR KIDS TO GET TO CLASS. IMMEDIATE INTERVENTION REQUIRED. LIVES AND PROPERTY ARE AT RISK NEAR A SENSITIVE AREA. PLEASE DISPATCH EMERGENCY MUNICIPAL CREWS NOW.",submitted,2026-03-13T00:00:00,New York,NY,USA,40.71754135149721,-74.00287071608291,Water Department,,critical,9.6,9,10,50
RPT-295568,illegal_parking,"URGENT: Multiple vehicles are double-parked along the main commercial strip, forcing buses to stop in the middle of the road and creating a total traffic deadlock. This situation is impacting hundreds of people on this main road and requires a crew immediately. It's becoming a major liability for the city.",submitted,2025-10-24T00:00:00,New York,NY,USA,40.71009166650595,-74.00595253530625,Traffic Department,,high,7.52,8,7,37
RPT-199060,streetlight,The light stays on during the day but is off at night. Completely backwards. Needs a repair.,in-progress,2025-11-16T00:00:00,Houston,TX,USA,29.793645669890903,-95.3897882183094,Electrical Department,,high,7.96,10,6,36
RPT-765729,garbage,Public waste container is completely full. Need an extra collection.,in-progress,2025-06-16T19:29:14.033651,Los Angeles,CA,USA,34.04919456557553,-118.23993045754035,Sanitation,,low,3.64,1,6,24
RPT-518240,noise,"Industrial fan running 24/7, extremely loud and intrusive.",resolved,2025-09-18T00:00:00,New York,NY,USA,40.67101035675952,-73.97386579157745,Public Safety,2025-09-24T00:00:00,high,7.88,8,6,48
RPT-229608,garbage,"Garbage truck missed our block again. Overflowing bins are attracting rats, and the smell is unbearable.",resolved,2026-01-20T20:38:18.156981,Houston,TX,USA,29.76407035654825,-95.36248626137257,Sanitation,2026-01-22T20:38:18.156981,medium,4.32,6,4,12
RPT-539338,illegal_parking,"EMERGENCY: MULTIPLE VEHICLES ARE DOUBLE-PARKED ALONG THE MAIN COMMERCIAL STRIP, FORCING BUSES TO STOP IN THE MIDDLE OF THE ROAD AND CREATING A TOTAL TRAFFIC DEADLOCK. IMMEDIATE INTERVENTION REQUIRED. LIVES AND PROPERTY ARE AT RISK NEAR A SENSITIVE AREA. PLEASE DISPATCH EMERGENCY MUNICIPAL CREWS NOW.",submitted,2025-09-10T00:00:00,Los Angeles,CA,USA,34.05541423287813,-118.24134674769417,Traffic Department,,critical,9.06,9,9,46
RPT-356159,water-leak,"Water leaking from a hydrant at the corner, creating puddles and potential hazards.",in-progress,2023-07-04T16:10:00,Chicago,IL,USA,41.9402,-87.6537,Water Department,,low,3.6,3,7,5
RPT-201168,pothole,"Huge pothole right in the middle of the intersection, almost blew out my tire this morning. Needs immediate patching.",in-progress,2025-10-28T20:38:18.158672,New York,NY,USA,40.712839834489934,-74.00554765693099,Roads & Highways,,low,2.88,3,2,18
RPT-109479,noise,It's really frustrating that there is loud machinery operating which is very disruptive.  This has been happening for a while now.,in-progress,2025-09-28T19:27:31.183063,Houston,TX,USA,29.767738272194837,-95.38574480079676,Public Safety,,medium,5.1,3,4,45
RPT-692419,drainage,"EMERGENCY: THE STORM DRAIN IS PARTIALLY COLLAPSED AND BLOCKED WITH HEAVY DEBRIS. WITH RAIN IN THE FORECAST, THE SURROUNDING RESIDENTIAL AREA IS AT HIGH RISK OF FLOODING. IMMEDIATE INTERVENTION REQUIRED. LIVES AND PROPERTY ARE AT RISK NEAR A SENSITIVE AREA. PLEASE DISPATCH EMERGENCY MUNICIPAL CREWS NOW.",submitted,2025-11-25T00:00:00,Phoenix,AZ,USA,33.45267564445806,-112.0693311088692,Drainage Authority,,critical,9.6,9,10,50
RPT-147507,water_leakage,It's really frustrating that there's a persistent drip from the main water line.  I'm concerned about safety here.,in-progress,2025-09-18T19:27:31.183279,Houston,TX,USA,29.76801576160929,-95.36309789214312,Water Department,,medium,4.2,6,4,10
RPT-150033,garbage,URGENT: Illegal dumping at the commercial intersection is blocking the pedestrian crossing. It's a health hazard and completely unsightly for local business owners. This situation is impacting hundreds of people on this main road and requires a crew immediately. It's becoming a major liability for the city.,submitted,2025-05-21T00:00:00,Chicago,IL,USA,41.88188497718863,-87.62803137926606,Sanitation,,high,8.18,8,8,43
RPT-952609,water_leakage,Water pooling in the basement/street level. Possible pipe burst underground.,in-progress,2026-02-25T19:29:14.032922,New York,NY,USA,40.706275543500674,-74.00445872951933,Water Department,,low,3.56,2,8,6
RPT-312537,drainage,"URGENT: The storm drain is partially collapsed and blocked with heavy debris. With rain in the forecast, the surrounding residential area is at high risk of flooding. This situation is impacting hundreds of people on this main road and requires a crew immediately. It's becoming a major liability for the city.",submitted,2026-02-06T00:00:00,Houston,TX,USA,29.7624624874782,-95.37108837922626,Drainage Authority,,high,7.54,7,9,34
RPT-191627,streetlight,EMERGENCY: THE ENTIRE BLOCK'S STREETLIGHTS ARE OUT NEAR THE HOSPITAL PARKING ZONE. IT FEELS EXTREMELY UNSAFE FOR THE NIGHT SHIFT STAFF WALKING TO THEIR VEHICLES. IMMEDIATE INTERVENTION REQUIRED. LIVES AND PROPERTY ARE AT RISK NEAR A SENSITIVE AREA. PLEASE DISPATCH EMERGENCY MUNICIPAL CREWS NOW.,submitted,2025-12-18T00:00:00,Phoenix,AZ,USA,33.44779780070902,-112.0749445164834,Electrical Department,,critical,9.0,9,9,45
RPT-638493,garbage,"Garbage left in alley for three days, obstructing access to rear entrances.",submitted,2024-06-19T08:53:00,Clifton,New Jersey,USA,40.8584,-74.1638,Sanitation,,low,3.64,1,7,19
RPT-128365,illegal-dumping,Multiple trash bags dumped in the alley behind Pine Street.,submitted,2023-09-15T12:05:00,Indianapolis,IN,USA,39.7794,-86.1602,Waste Management,,medium,4.22,2,7,22
RPT-385882,drainage,"EMERGENCY: THE STORM DRAIN IS PARTIALLY COLLAPSED AND BLOCKED WITH HEAVY DEBRIS. WITH RAIN IN THE FORECAST, THE SURROUNDING RESIDENTIAL AREA IS AT HIGH RISK OF FLOODING. IMMEDIATE INTERVENTION REQUIRED. LIVES AND PROPERTY ARE AT RISK NEAR A SENSITIVE AREA. PLEASE DISPATCH EMERGENCY MUNICIPAL CREWS NOW.",submitted,2025-11-13T00:00:00,Phoenix,AZ,USA,33.44727960795488,-112.07073227608096,Drainage Authority,,critical,9.82,10,10,47
RPT-602311,streetlight,URGENT: The entire block's streetlights are out near the hospital parking zone. It feels extremely unsafe for the night shift staff walking to their vehicles. This situation is impacting hundreds of people on this main road and requires a crew immediately. It's becoming a major liability for the city.,submitted,2025-12-06T00:00:00,Chicago,IL,USA,41.882008039168014,-87.62499604737152,Electrical Department,,high,8.12,8,9,37
RPT-347598,noise,"Barking dog that is left outside for hours on end, day and night. It's driving the whole neighborhood crazy.",in-progress,2025-12-25T00:00:00,Houston,TX,USA,29.730881322492294,-95.39083264618228,Public Safety,,medium,6.3,6,4,45
RPT-494180,drainage,Large blockage in the storm drain pipe. Water is backing up.,submitted,2026-04-18T19:29:14.033599,Los Angeles,CA,USA,34.05873181463772,-118.24717030789054,Drainage Authority,,medium,4.7,2,8,25
RPT-362711,pothole,URGENT: The pothole on the main road is getting deeper and I've seen three cars swerve into the opposite lane to avoid it today. It's a significant safety risk during rush hour. This situation is impacting hundreds of people on this main road and requires a crew immediately. It's becoming a major liability for the city.,submitted,2025-11-10T00:00:00,New York,NY,USA,40.7078770982238,-74.00294986276835,Roads & Highways,,high,7.18,7,7,38
RPT-272003,illegal_parking,"URGENT: Multiple vehicles are double-parked along the main commercial strip, forcing buses to stop in the middle of the road and creating a total traffic deadlock. This situation is impacting hundreds of people on this main road and requires a crew immediately. It's becoming a major liability for the city.",submitted,2026-01-30T00:00:00,Chicago,IL,USA,41.87887274467866,-87.62606455497841,Traffic Department,,high,7.54,7,8,39
RPT-332575,garbage,Missed garbage collection for the third day in a row. It's starting to smell.,resolved,2025-11-22T19:29:14.033106,Chicago,IL,USA,41.88593535422931,-87.62615764571406,Sanitation,2025-12-03T19:29:14.033106,medium,5.8,4,8,30
RPT-406926,noise,Someone is revving their motorcycle engine repeatedly in the parking lot. It's extremely disruptive.,submitted,2025-04-20T00:00:00,New York,NY,USA,40.70304639506784,-74.0195399067677,Public Safety,,medium,5.52,9,5,7
RPT-676171,drainage,Sewer smell is backing up into the street. The drainage system definitely needs a cleaning.,resolved,2026-02-19T20:38:18.159187,New York,NY,USA,40.72031351971472,-73.99779565616775,Drainage Authority,2026-02-24T20:38:18.159187,high,7.26,9,4,41
RPT-303892,streetlight,EMERGENCY: THE ENTIRE BLOCK'S STREETLIGHTS ARE OUT NEAR THE HOSPITAL PARKING ZONE. IT FEELS EXTREMELY UNSAFE FOR THE NIGHT SHIFT STAFF WALKING TO THEIR VEHICLES. IMMEDIATE INTERVENTION REQUIRED. LIVES AND PROPERTY ARE AT RISK NEAR A SENSITIVE AREA. PLEASE DISPATCH EMERGENCY MUNICIPAL CREWS NOW.,submitted,2026-03-28T00:00:00,Chicago,IL,USA,41.87604363681464,-87.62762045165098,Electrical Department,,critical,9.06,9,9,46
RPT-814592,pothole,Large pothole causing traffic disruption near the intersection; vehicles are swerving to avoid it.,in-progress,2024-06-04T09:13:00,New York,NY,USA,40.745,-73.982,Roads & Highways,,medium,6.24,6,5,39
RPT-939463,water_leakage,"URGENT: A significant water leak near the school entrance is creating a large, slippery pond. It's wasting city resources and making it hard for kids to get to class. This situation is impacting hundreds of people on this main road and requires a crew immediately. It's becoming a major liability for the city.",submitted,2026-04-28T00:00:00,Phoenix,AZ,USA,33.45056690898954,-112.07893358211888,Water Department,,high,7.58,8,8,33
RPT-718861,noise,Construction noise is going on well past midnight.,in-progress,2025-10-13T00:00:00,Phoenix,AZ,USA,33.44977510011926,-112.09264179195696,Public Safety,,medium,6.74,2,10,49
RPT-145374,pothole,"Hit a massive pothole on my way to work, it really messed up my alignment. Please fix this before someone gets into an accident.",resolved,2025-10-01T00:00:00,Chicago,IL,USA,41.84525098603717,-87.62528964539875,Roads & Highways,2025-10-08T00:00:00,medium,4.54,4,4,29
RPT-990627,garbage,"Residents are putting out trash on the wrong days, and it's piling up in front of my driveway.",resolved,2026-04-13T20:38:18.159715,New York,NY,USA,40.716414235268296,-73.99824777978164,Sanitation,2026-04-19T20:38:18.159715,high,7.12,4,10,42
RPT-247400,garbage,EMERGENCY: ILLEGAL DUMPING AT THE COMMERCIAL INTERSECTION IS BLOCKING THE PEDESTRIAN CROSSING. IT'S A HEALTH HAZARD AND COMPLETELY UNSIGHTLY FOR LOCAL BUSINESS OWNERS. IMMEDIATE INTERVENTION REQUIRED. LIVES AND PROPERTY ARE AT RISK NEAR A SENSITIVE AREA. PLEASE DISPATCH EMERGENCY MUNICIPAL CREWS NOW.,submitted,2026-04-08T00:00:00,Phoenix,AZ,USA,33.44831970204494,-112.07843341515512,Sanitation,,critical,9.06,9,9,46
RPT-489088,drainage,The sewer grate is rusted and sunken. It makes a loud clanging noise every time a car drives over it.,resolved,2025-09-15T00:00:00,Chicago,IL,USA,41.82186473871805,-87.65836781456824,Drainage Authority,2025-09-19T00:00:00,high,8.08,10,6,38
RPT-861485,streetlight,URGENT: The entire block's streetlights are out near the hospital parking zone. It feels extremely unsafe for the night shift staff walking to their vehicles. This situation is impacting hundreds of people on this main road and requires a crew immediately. It's becoming a major liability for the city.,submitted,2025-11-24T00:00:00,New York,NY,USA,40.70822206276607,-74.00224137997576,Electrical Department,,high,8.0,8,9,35
RPT-508157,noise,"URGENT: Constant, high-decibel industrial humming coming from the site next to the apartment complex. It’s been ongoing for 48 hours and is causing severe sleep deprivation. This situation is impacting hundreds of people on this main road and requires a crew immediately. It's becoming a major liability for the city.",submitted,2025-06-17T00:00:00,Phoenix,AZ,USA,33.444951818198334,-112.07648390586652,Public Safety,,high,8.12,8,8,42
RPT-778888,streetlight,Streetlight is flickering like a strobe light. It's distracting and potentially blinding drivers.,resolved,2025-12-10T20:38:18.156739,Los Angeles,CA,USA,34.05680885422377,-118.23703745931446,Electrical Department,2025-12-20T20:38:18.156739,low,3.64,1,4,34
RPT-144876,drainage,Large blockage in the storm drain pipe. Water is backing up.,resolved,2026-02-20T19:29:14.033676,Los Angeles,CA,USA,34.051757995063056,-118.25004070420374,Drainage Authority,2026-02-27T19:29:14.033676,low,3.16,1,8,6
RPT-386631,garbage,EMERGENCY: ILLEGAL DUMPING AT THE COMMERCIAL INTERSECTION IS BLOCKING THE PEDESTRIAN CROSSING. IT'S A HEALTH HAZARD AND COMPLETELY UNSIGHTLY FOR LOCAL BUSINESS OWNERS. IMMEDIATE INTERVENTION REQUIRED. LIVES AND PROPERTY ARE AT RISK NEAR A SENSITIVE AREA. PLEASE DISPATCH EMERGENCY MUNICIPAL CREWS NOW.,submitted,2026-04-13T00:00:00,Chicago,IL,USA,41.87827982893493,-87.63010941508362,Sanitation,,critical,9.82,10,10,47
RPT-981551,pothole,EMERGENCY: THE POTHOLE ON THE MAIN ROAD IS GETTING DEEPER AND I'VE SEEN THREE CARS SWERVE INTO THE OPPOSITE LANE TO AVOID IT TODAY. IT'S A SIGNIFICANT SAFETY RISK DURING RUSH HOUR. IMMEDIATE INTERVENTION REQUIRED. LIVES AND PROPERTY ARE AT RISK NEAR A SENSITIVE AREA. PLEASE DISPATCH EMERGENCY MUNICIPAL CREWS NOW.,submitted,2025-12-06T00:00:00,New York,NY,USA,40.71198073382747,-74.00912125954352,Roads & Highways,,critical,9.06,9,9,46
RPT-126487,noise,Barking dogs left unattended for hours in the backyard. Extremely disruptive for the neighborhood.,in-progress,2025-07-14T20:38:18.157909,Chicago,IL,USA,41.88720205373142,-87.62560606701832,Public Safety,,low,3.38,5,4,3
RPT-627784,water_leakage,"Significant water leaking into the basement, causing structural concerns.",resolved,2025-12-13T00:00:00,Phoenix,AZ,USA,33.402560421650435,-112.05907794879931,Water Department,2025-12-15T00:00:00,low,3.06,3,4,11
RPT-832597,pothole,The road surface is deteriorating rapidly. There's a section about 3 feet wide that is basically crumbling away.,resolved,2025-09-12T00:00:00,Houston,TX,USA,29.721946955809702,-95.35897017312148,Roads & Highways,2025-09-19T00:00:00,medium,4.94,5,8,9
RPT-143022,garbage,Recycling not collected for two weeks.,closed,2023-09-02T08:14:00,Louisville,KY,USA,38.2559,-85.6937,Sanitation,2023-09-04T11:09:00,medium,4.12,1,3,47
RPT-954176,drainage,"EMERGENCY: THE STORM DRAIN IS PARTIALLY COLLAPSED AND BLOCKED WITH HEAVY DEBRIS. WITH RAIN IN THE FORECAST, THE SURROUNDING RESIDENTIAL AREA IS AT HIGH RISK OF FLOODING. IMMEDIATE INTERVENTION REQUIRED. LIVES AND PROPERTY ARE AT RISK NEAR A SENSITIVE AREA. PLEASE DISPATCH EMERGENCY MUNICIPAL CREWS NOW.",submitted,2026-02-05T00:00:00,New York,NY,USA,40.71687065132519,-74.00987603329828,Drainage Authority,,critical,9.36,9,10,46
RPT-223840,water_leakage,I suspect a major water main break nearby. There is a huge puddle that keeps growing and the water pressure in our building is low.,submitted,2025-05-29T00:00:00,Houston,TX,USA,29.75244653941654,-95.3603954203472,Water Department,,medium,5.16,3,4,46
RPT-384556,other,Broken park bench near playground.,submitted,2024-06-06T09:15:00,Brooklyn,NY,USA,40.656,-73.973,Parks & Recreation,,medium,4.08,6,5,3
RPT-979938,drainage,"EMERGENCY: THE STORM DRAIN IS PARTIALLY COLLAPSED AND BLOCKED WITH HEAVY DEBRIS. WITH RAIN IN THE FORECAST, THE SURROUNDING RESIDENTIAL AREA IS AT HIGH RISK OF FLOODING. IMMEDIATE INTERVENTION REQUIRED. LIVES AND PROPERTY ARE AT RISK NEAR A SENSITIVE AREA. PLEASE DISPATCH EMERGENCY MUNICIPAL CREWS NOW.",submitted,2025-06-22T00:00:00,Los Angeles,CA,USA,34.05296713496798,-118.24606116662812,Drainage Authority,,critical,9.3,9,9,50
RPT-951495,water_leakage,"EMERGENCY: A SIGNIFICANT WATER LEAK NEAR THE SCHOOL ENTRANCE IS CREATING A LARGE, SLIPPERY POND. IT'S WASTING CITY RESOURCES AND MAKING IT HARD FOR KIDS TO GET TO CLASS. IMMEDIATE INTERVENTION REQUIRED. LIVES AND PROPERTY ARE AT RISK NEAR A SENSITIVE AREA. PLEASE DISPATCH EMERGENCY MUNICIPAL CREWS NOW.",submitted,2026-04-29T00:00:00,Chicago,IL,USA,41.88149652663921,-87.63064339212909,Water Department,,critical,9.52,10,9,47
RPT-719756,drainage,"URGENT: The storm drain is partially collapsed and blocked with heavy debris. With rain in the forecast, the surrounding residential area is at high risk of flooding. This situation is impacting hundreds of people on this main road and requires a crew immediately. It's becoming a major liability for the city.",submitted,2026-04-16T00:00:00,Chicago,IL,USA,41.87984848328331,-87.62895488861261,Drainage Authority,,high,7.18,7,8,33
RPT-382767,water_leakage,"URGENT: A significant water leak near the school entrance is creating a large, slippery pond. It's wasting city resources and making it hard for kids to get to class. This situation is impacting hundreds of people on this main road and requires a crew immediately. It's becoming a major liability for the city.",submitted,2025-12-28T00:00:00,Phoenix,AZ,USA,33.445086140287124,-112.07536812548469,Water Department,,high,7.4,8,7,35
RPT-959936,water_leakage,Please look into there's a persistent drip from the main water line.  I'm concerned about safety here.,resolved,2025-12-14T19:27:31.182448,New York,NY,USA,40.708267529140194,-73.98618261612556,Water Department,2025-12-19T19:27:31.182448,medium,4.56,6,7,1
RPT-581609,streetlight,Light is flickering constantly. Very annoying and distracting.,resolved,2025-05-23T19:29:14.032037,Los Angeles,CA,USA,34.048811616448056,-118.24419637550903,Electrical Department,2025-05-28T19:29:14.032037,medium,4.28,2,7,23
RPT-830393,illegal_parking,Car parked directly in front of my driveway. I have an appointment and cannot get my car out.,in-progress,2025-04-23T20:38:18.156886,New York,NY,USA,40.713280086636665,-74.00498198149637,Traffic Department,,high,6.92,5,9,37
RPT-426312,garbage,URGENT: Illegal dumping at the commercial intersection is blocking the pedestrian crossing. It's a health hazard and completely unsightly for local business owners. This situation is impacting hundreds of people on this main road and requires a crew immediately. It's becoming a major liability for the city.,submitted,2025-09-07T00:00:00,Phoenix,AZ,USA,33.45263692132628,-112.0695780474898,Sanitation,,high,7.66,7,8,41
RPT-180104,streetlight,Lens cover is broken on the streetlight. Bulb is exposed.,submitted,2025-12-28T19:29:14.031730,Phoenix,AZ,USA,33.451163730100646,-112.07148380589958,Electrical Department,,medium,4.72,1,6,42
RPT-919059,streetlight,EMERGENCY: THE ENTIRE BLOCK'S STREETLIGHTS ARE OUT NEAR THE HOSPITAL PARKING ZONE. IT FEELS EXTREMELY UNSAFE FOR THE NIGHT SHIFT STAFF WALKING TO THEIR VEHICLES. IMMEDIATE INTERVENTION REQUIRED. LIVES AND PROPERTY ARE AT RISK NEAR A SENSITIVE AREA. PLEASE DISPATCH EMERGENCY MUNICIPAL CREWS NOW.,submitted,2025-11-24T00:00:00,Houston,TX,USA,29.75896126326223,-95.36485225059346,Electrical Department,,critical,9.3,9,10,45
RPT-613853,noise,"EMERGENCY: CONSTANT, HIGH-DECIBEL INDUSTRIAL HUMMING COMING FROM THE SITE NEXT TO THE APARTMENT COMPLEX. IT’S BEEN ONGOING FOR 48 HOURS AND IS CAUSING SEVERE SLEEP DEPRIVATION. IMMEDIATE INTERVENTION REQUIRED. LIVES AND PROPERTY ARE AT RISK NEAR A SENSITIVE AREA. PLEASE DISPATCH EMERGENCY MUNICIPAL CREWS NOW.",submitted,2026-03-19T00:00:00,Phoenix,AZ,USA,33.44899438340393,-112.0703017048013,Public Safety,,critical,9.7,10,10,45
RPT-716087,pothole,I wanted to report that a significant depression in the pavement causing cars to swerve.  Please address this as soon as possible.,in-progress,2026-01-09T19:27:31.181210,New York,NY,USA,40.70792000260259,-73.99358844504228,Roads & Highways,,low,2.92,1,7,7
RPT-531656,illegal_parking,"Van parked in the bike lane, very dangerous for commuters.",in-progress,2025-12-11T00:00:00,Houston,TX,USA,29.778914089733977,-95.33093687037872,Traffic Department,,medium,6.44,5,9,29
RPT-513413,water_leakage,Water leaking into the basement from the street side. Notified the landlord but it looks like a city issue.,in-progress,2026-02-24T20:38:18.160077,Houston,TX,USA,29.76563936322775,-95.36614924460729,Water Department,,medium,4.88,8,2,18
RPT-664860,water-leak,"Continued water leak from street main, pooling water and causing slippery conditions.",in-progress,2024-06-03T07:19:00,New York,NY,USA,40.735,-74.007,Water Management,,low,3.38,2,7,8
RPT-590925,water_leakage,Water leaking into the basement from the street side. Notified the landlord but it looks like a city issue.,submitted,2025-10-21T20:38:18.157136,Los Angeles,CA,USA,34.052795062062124,-118.2407307853767,Water Department,,medium,4.08,3,6,18
RPT-318827,drainage,Water not draining properly at the curb. Creates a mosquito breeding ground.,submitted,2026-01-28T19:29:14.032614,Phoenix,AZ,USA,33.44728573205273,-112.07868993605707,Drainage Authority,,medium,5.86,1,9,46
RPT-178475,water_leakage,"URGENT: A significant water leak near the school entrance is creating a large, slippery pond. It's wasting city resources and making it hard for kids to get to class. This situation is impacting hundreds of people on this main road and requires a crew immediately. It's becoming a major liability for the city.",submitted,2026-01-14T00:00:00,Phoenix,AZ,USA,33.44620939205425,-112.07804674929812,Water Department,,high,7.94,8,9,34
RPT-821795,pothole,EMERGENCY: THE POTHOLE ON THE MAIN ROAD IS GETTING DEEPER AND I'VE SEEN THREE CARS SWERVE INTO THE OPPOSITE LANE TO AVOID IT TODAY. IT'S A SIGNIFICANT SAFETY RISK DURING RUSH HOUR. IMMEDIATE INTERVENTION REQUIRED. LIVES AND PROPERTY ARE AT RISK NEAR A SENSITIVE AREA. PLEASE DISPATCH EMERGENCY MUNICIPAL CREWS NOW.,submitted,2025-12-22T00:00:00,Los Angeles,CA,USA,34.04811209632481,-118.24546761354664,Roads & Highways,,critical,9.3,9,10,45
RPT-139701,illegal-dumping,Dumped electronics in creek area pose environmental hazard.,in-progress,2024-03-12T10:44:00,Walnut Creek,California,USA,37.9063,-122.0657,Sanitation,,low,3.56,2,3,31
RPT-344727,water_leakage,"URGENT: A significant water leak near the school entrance is creating a large, slippery pond. It's wasting city resources and making it hard for kids to get to class. This situation is impacting hundreds of people on this main road and requires a crew immediately. It's becoming a major liability for the city.",submitted,2026-02-03T00:00:00,New York,NY,USA,40.70858419340466,-74.00733109919341,Water Department,,high,7.7,8,9,30
RPT-929573,streetlight,Streetlight at the corner of Lakeview Dr has been out for weeks. Feels unsafe at night.,submitted,2026-02-02T19:29:14.032166,Chicago,IL,USA,41.86875874629388,-87.63877665663126,Electrical Department,,low,2.58,3,4,3
RPT-646790,water_leakage,We have water seeping into our basement from the street side. It looks like a city pipe issue.,in-progress,2025-07-18T00:00:00,Phoenix,AZ,USA,33.49960073879411,-112.0689083890698,Water Department,,medium,5.96,8,3,31
RPT-742894,graffiti,Graffiti tags on both sides of the pedestrian bridge over 8th Ave.,resolved,2024-06-07T16:25:00,Union,New Jersey,USA,40.6966,-74.2634,Community Services,2024-06-09T11:56:00,medium,6.04,4,7,39
RPT-691746,pothole,EMERGENCY: THE POTHOLE ON THE MAIN ROAD IS GETTING DEEPER AND I'VE SEEN THREE CARS SWERVE INTO THE OPPOSITE LANE TO AVOID IT TODAY. IT'S A SIGNIFICANT SAFETY RISK DURING RUSH HOUR. IMMEDIATE INTERVENTION REQUIRED. LIVES AND PROPERTY ARE AT RISK NEAR A SENSITIVE AREA. PLEASE DISPATCH EMERGENCY MUNICIPAL CREWS NOW.,submitted,2025-12-08T00:00:00,Phoenix,AZ,USA,33.44852156093508,-112.06938276604052,Roads & Highways,,critical,10.0,10,10,50
RPT-341779,illegal_parking,"I wanted to report that a vehicle is blocking the sidewalk, forcing pedestrians into the street.  This needs immediate attention.",submitted,2025-10-13T19:27:31.180461,Chicago,IL,USA,41.89650438885303,-87.6170962718389,Traffic Department,,medium,5.86,4,8,31
RPT-763380,illegal_parking,"URGENT: Multiple vehicles are double-parked along the main commercial strip, forcing buses to stop in the middle of the road and creating a total traffic deadlock. This situation is impacting hundreds of people on this main road and requires a crew immediately. It's becoming a major liability for the city.",submitted,2026-03-19T00:00:00,Los Angeles,CA,USA,34.05680211953492,-118.24083882360236,Traffic Department,,high,7.0,7,7,35
RPT-917223,water_leakage,"Constant water bubbling up from under the pavement. Looks like a main pipe leak, very wasteful.",resolved,2025-11-05T20:38:18.159847,Phoenix,AZ,USA,33.45531229418244,-112.06699258287058,Water Department,2025-11-11T20:38:18.159847,medium,4.8,3,10,10
RPT-284117,water_leakage,"EMERGENCY: A SIGNIFICANT WATER LEAK NEAR THE SCHOOL ENTRANCE IS CREATING A LARGE, SLIPPERY POND. IT'S WASTING CITY RESOURCES AND MAKING IT HARD FOR KIDS TO GET TO CLASS. IMMEDIATE INTERVENTION REQUIRED. LIVES AND PROPERTY ARE AT RISK NEAR A SENSITIVE AREA. PLEASE DISPATCH EMERGENCY MUNICIPAL CREWS NOW.",submitted,2025-09-17T00:00:00,Chicago,IL,USA,41.87539709227006,-87.63040971028123,Water Department,,critical,9.24,9,9,49
RPT-462154,streetlight,Light is completely out on our street. It's pitch black at night and feels very unsafe walking to my car.,submitted,2025-05-02T20:38:18.158900,New York,NY,USA,40.718179077584935,-74.00453098054409,Electrical Department,,high,7.84,7,10,34
RPT-217386,illegal_parking,"EMERGENCY: MULTIPLE VEHICLES ARE DOUBLE-PARKED ALONG THE MAIN COMMERCIAL STRIP, FORCING BUSES TO STOP IN THE MIDDLE OF THE ROAD AND CREATING A TOTAL TRAFFIC DEADLOCK. IMMEDIATE INTERVENTION REQUIRED. LIVES AND PROPERTY ARE AT RISK NEAR A SENSITIVE AREA. PLEASE DISPATCH EMERGENCY MUNICIPAL CREWS NOW.",submitted,2026-01-27T00:00:00,Los Angeles,CA,USA,34.04791294334379,-118.24695197814351,Traffic Department,,critical,9.48,9,10,48
RPT-544807,noise,I've noticed that barking dogs are being left unattended for hours at a time.  It's creating an eyesore for the neighborhood.,resolved,2026-01-31T19:27:31.183493,New York,NY,USA,40.71133682292964,-74.0085398858807,Public Safety,2026-02-10T19:27:31.183493,medium,4.98,3,10,13
RPT-454841,pothole,EMERGENCY: THE POTHOLE ON THE MAIN ROAD IS GETTING DEEPER AND I'VE SEEN THREE CARS SWERVE INTO THE OPPOSITE LANE TO AVOID IT TODAY. IT'S A SIGNIFICANT SAFETY RISK DURING RUSH HOUR. IMMEDIATE INTERVENTION REQUIRED. LIVES AND PROPERTY ARE AT RISK NEAR A SENSITIVE AREA. PLEASE DISPATCH EMERGENCY MUNICIPAL CREWS NOW.,submitted,2025-10-13T00:00:00,Los Angeles,CA,USA,34.04919021182025,-118.23916993089904,Roads & Highways,,critical,9.7,10,9,50
RPT-788951,drainage,The storm drain is completely clogged with leaves and plastic bottles. Any rain causes immediate flooding on the curb.,submitted,2025-06-05T00:00:00,Houston,TX,USA,29.808851039263896,-95.3720598149212,Drainage Authority,,medium,4.96,4,6,26
RPT-748049,garbage,"Trash overflowing from the bins, attracting pests and smells.",resolved,2025-05-26T00:00:00,Chicago,IL,USA,41.83671372190648,-87.58975120501881,Sanitation,2025-05-29T00:00:00,medium,6.66,6,5,46
RPT-154920,water_leakage,Water leaking into the basement from the street side. Notified the landlord but it looks like a city issue.,submitted,2025-11-16T20:38:18.159244,Los Angeles,CA,USA,34.061562868613244,-118.2426000182949,Water Department,,medium,4.64,2,7,29
RPT-703128,garbage,URGENT: Illegal dumping at the commercial intersection is blocking the pedestrian crossing. It's a health hazard and completely unsightly for local business owners. This situation is impacting hundreds of people on this main road and requires a crew immediately. It's becoming a major liability for the city.,submitted,2025-11-09T00:00:00,Chicago,IL,USA,41.873188133538186,-87.63227705857919,Sanitation,,high,7.58,8,8,33
RPT-338186,illegal-dumping,Abandoned mattress in alleyway.,submitted,2023-09-07T15:24:00,Chicago,IL,USA,41.9711,-87.6801,Waste Management,,low,2.62,1,3,22
RPT-935804,pothole,"There is a deep, jagged pothole right on the turn of 5th and Main. It's dangerous, especially at night when you can't see it.",resolved,2025-07-11T00:00:00,New York,NY,USA,40.67401068743251,-74.022346340259,Roads & Highways,2025-07-13T00:00:00,medium,4.56,6,7,1
RPT-105716,noise,Construction noise is going on well past midnight.,resolved,2025-01-04T00:00:00,Chicago,IL,USA,41.87749702575636,-87.66599878154842,Public Safety,2025-01-13T00:00:00,high,7.3,7,7,40
RPT-760325,noise,Can someone please fix there is loud construction noise occurring well past midnight.  Please address this as soon as possible.,submitted,2025-12-31T19:27:31.183022,New York,NY,USA,40.70963048322216,-74.0180725813891,Public Safety,,low,2.94,3,5,4
RPT-313547,noise,I wanted to report that there is loud machinery operating which is very disruptive.  It's creating an eyesore for the neighborhood.,submitted,2025-06-24T19:27:31.181723,Los Angeles,CA,USA,34.04470240212054,-118.23054475530596,Public Safety,,low,3.22,1,3,32
RPT-708428,noise,Construction crew is starting their work at 5 AM. It is way too loud and violating city ordinances.,submitted,2026-03-04T00:00:00,Chicago,IL,USA,41.88413287290315,-87.61316303240127,Public Safety,,low,3.8,5,3,15
RPT-547543,noise,"EMERGENCY: CONSTANT, HIGH-DECIBEL INDUSTRIAL HUMMING COMING FROM THE SITE NEXT TO THE APARTMENT COMPLEX. IT’S BEEN ONGOING FOR 48 HOURS AND IS CAUSING SEVERE SLEEP DEPRIVATION. IMMEDIATE INTERVENTION REQUIRED. LIVES AND PROPERTY ARE AT RISK NEAR A SENSITIVE AREA. PLEASE DISPATCH EMERGENCY MUNICIPAL CREWS NOW.",submitted,2025-05-12T00:00:00,Houston,TX,USA,29.755919280591787,-95.36825622810343,Public Safety,,critical,9.42,9,10,47
RPT-972684,streetlight,Flickering streetlight affects visibility for drivers.,submitted,2023-08-13T22:16:00,Indianapolis,IN,USA,39.7851,-86.144,Electrical Services,,low,3.58,1,2,43
RPT-678064,water_leakage,"Significant water leaking into the basement, causing structural concerns.",submitted,2025-04-02T00:00:00,Houston,TX,USA,29.76557516131455,-95.40274812938284,Water Department,,low,3.66,6,4,1
RPT-459070,drainage,"URGENT: The storm drain is partially collapsed and blocked with heavy debris. With rain in the forecast, the surrounding residential area is at high risk of flooding. This situation is impacting hundreds of people on this main road and requires a crew immediately. It's becoming a major liability for the city.",submitted,2025-11-20T00:00:00,New York,NY,USA,40.70922514664868,-74.00343878511785,Drainage Authority,,high,7.7,8,8,35
RPT-243482,garbage,EMERGENCY: ILLEGAL DUMPING AT THE COMMERCIAL INTERSECTION IS BLOCKING THE PEDESTRIAN CROSSING. IT'S A HEALTH HAZARD AND COMPLETELY UNSIGHTLY FOR LOCAL BUSINESS OWNERS. IMMEDIATE INTERVENTION REQUIRED. LIVES AND PROPERTY ARE AT RISK NEAR A SENSITIVE AREA. PLEASE DISPATCH EMERGENCY MUNICIPAL CREWS NOW.,submitted,2025-05-27T00:00:00,Phoenix,AZ,USA,33.44906805773629,-112.07672464651392,Sanitation,,critical,9.52,10,9,47
RPT-424563,noise,Loud music from nearby club disturbing sleep after midnight.,in-progress,2024-06-03T23:16:00,New York,NY,USA,40.717,-73.99,Community Affairs,,medium,5.92,4,7,37
RPT-843651,illegal-dumping,Construction waste dumped in vacant lot.,in-progress,2024-03-09T16:39:00,Palo Alto,California,USA,37.4485,-122.1592,Sanitation,,medium,4.9,4,7,20
RPT-775816,drainage,"URGENT: The storm drain is partially collapsed and blocked with heavy debris. With rain in the forecast, the surrounding residential area is at high risk of flooding. This situation is impacting hundreds of people on this main road and requires a crew immediately. It's becoming a major liability for the city.",submitted,2026-01-23T00:00:00,Phoenix,AZ,USA,33.44578004503752,-112.07297665868776,Drainage Authority,,high,7.42,7,8,37
RPT-935992,streetlight,EMERGENCY: THE ENTIRE BLOCK'S STREETLIGHTS ARE OUT NEAR THE HOSPITAL PARKING ZONE. IT FEELS EXTREMELY UNSAFE FOR THE NIGHT SHIFT STAFF WALKING TO THEIR VEHICLES. IMMEDIATE INTERVENTION REQUIRED. LIVES AND PROPERTY ARE AT RISK NEAR A SENSITIVE AREA. PLEASE DISPATCH EMERGENCY MUNICIPAL CREWS NOW.,submitted,2025-05-14T00:00:00,Los Angeles,CA,USA,34.05420453947801,-118.24311115033308,Electrical Department,,critical,10.0,10,10,50
RPT-646070,pothole,URGENT: The pothole on the main road is getting deeper and I've seen three cars swerve into the opposite lane to avoid it today. It's a significant safety risk during rush hour. This situation is impacting hundreds of people on this main road and requires a crew immediately. It's becoming a major liability for the city.,submitted,2025-11-25T00:00:00,Los Angeles,CA,USA,34.04895365264898,-118.24430402885832,Roads & Highways,,high,8.08,7,9,43
RPT-177944,drainage,"Water pooling on the curb, not draining into the storm sewer.",in-progress,2025-06-16T00:00:00,New York,NY,USA,40.68766095539879,-74.00998102920343,Drainage Authority,,medium,5.98,7,7,18
RPT-558257,garbage,"Public park bins are stuffed, litter is everywhere.",resolved,2025-08-24T00:00:00,Chicago,IL,USA,41.8347737484538,-87.65899583104624,Sanitation,2025-08-31T00:00:00,low,3.4,4,2,20
RPT-800275,drainage,Water isn't draining at all after the storm. There's a massive pool in front of the school entrance.,submitted,2025-05-29T00:00:00,Phoenix,AZ,USA,33.40783012994204,-112.06653961092468,Drainage Authority,,medium,6.5,2,9,50
RPT-346208,garbage,URGENT: Illegal dumping at the commercial intersection is blocking the pedestrian crossing. It's a health hazard and completely unsightly for local business owners. This situation is impacting hundreds of people on this main road and requires a crew immediately. It's becoming a major liability for the city.,submitted,2025-06-29T00:00:00,Los Angeles,CA,USA,34.05683288460154,-118.24180207057832,Sanitation,,high,7.78,7,9,38
RPT-119932,garbage,Trash overflowing from the public bins in the park. Litter is blowing everywhere.,in-progress,2025-06-20T20:38:18.158551,Los Angeles,CA,USA,34.055056298263764,-118.23849320802728,Sanitation,,low,1.06,1,2,1
RPT-734439,illegal-dumping,Illegal dumping of old furniture in alley behind apartment complex.,closed,2024-03-14T12:30:00,San Francisco,California,USA,37.7839,-122.4312,Sanitation,2024-03-15T15:19:00,medium,6.12,3,7,47
RPT-700009,drainage,"URGENT: The storm drain is partially collapsed and blocked with heavy debris. With rain in the forecast, the surrounding residential area is at high risk of flooding. This situation is impacting hundreds of people on this main road and requires a crew immediately. It's becoming a major liability for the city.",submitted,2026-01-27T00:00:00,Phoenix,AZ,USA,33.44826149814267,-112.071685857653,Drainage Authority,,high,8.48,8,8,48
RPT-590318,pothole,Two potholes forming near the bus stop on Clinton Ave.,submitted,2024-06-23T13:05:00,Irvington,New Jersey,USA,40.7262,-74.2324,Roads,,low,2.78,2,3,18
RPT-685229,illegal_parking,"URGENT: Multiple vehicles are double-parked along the main commercial strip, forcing buses to stop in the middle of the road and creating a total traffic deadlock. This situation is impacting hundreds of people on this main road and requires a crew immediately. It's becoming a major liability for the city.",submitted,2025-12-20T00:00:00,Chicago,IL,USA,41.87436186165655,-87.6340580390011,Traffic Department,,high,7.24,7,8,34
RPT-373754,garbage,Recycling bin was broken during collection and now trash is scattered.,in-progress,2025-09-26T00:00:00,Phoenix,AZ,USA,33.49627510255207,-112.09141496809823,Sanitation,,critical,8.92,10,10,32
RPT-982556,garbage,"Garbage bins missing from alley, trash accumulating.",in-progress,2024-03-13T20:05:00,Fremont,California,USA,37.4948,-121.9408,Sanitation,,medium,4.32,3,2,42
RPT-382763,garbage,Illegal dumping of large furniture items in the alleyway. Need sanitation pickup.,in-progress,2025-09-09T19:29:14.032947,Houston,TX,USA,29.766063840669904,-95.36491940663214,Sanitation,,low,2.56,1,6,6
RPT-236579,drainage,Please look into there is standing water near the curb due to drainage issues.  This needs immediate attention.,in-progress,2025-07-24T19:27:31.182877,Chicago,IL,USA,41.8722554309805,-87.6202987967337,Drainage Authority,,medium,4.74,3,8,19
RPT-472134,noise,"Unusually loud train horns near the 4th St crossing, disturbing nearby residents.",in-progress,2024-06-20T07:23:00,Secaucus,New Jersey,USA,40.7895,-74.0569,Noise Control,,low,3.78,3,7,8
RPT-539132,garbage,"Garbage truck missed our block again. Overflowing bins are attracting rats, and the smell is unbearable.",submitted,2025-09-04T20:38:18.158062,Houston,TX,USA,29.76310091409665,-95.35998664979743,Sanitation,,medium,4.26,3,10,1
RPT-754879,drainage,Large blockage in the storm drain pipe. Water is backing up.,resolved,2025-05-08T19:29:14.032412,Phoenix,AZ,USA,33.44124049533262,-112.069510030871,Drainage Authority,2025-05-14T19:29:14.032412,low,3.76,1,10,6
RPT-663252,pothole,"Huge pothole developed overnight, nearly took my bumper off.",submitted,2025-02-26T00:00:00,New York,NY,USA,40.67290184998212,-74.0376642197462,Roads & Highways,,medium,6.14,2,10,39
RPT-642301,noise,Loud music from the neighbor's party is rattling my windows.,resolved,2025-06-16T00:00:00,Houston,TX,USA,29.744787387692547,-95.36109821409704,Public Safety,2025-06-25T00:00:00,medium,6.2,5,10,20
RPT-505803,drainage,"EMERGENCY: THE STORM DRAIN IS PARTIALLY COLLAPSED AND BLOCKED WITH HEAVY DEBRIS. WITH RAIN IN THE FORECAST, THE SURROUNDING RESIDENTIAL AREA IS AT HIGH RISK OF FLOODING. IMMEDIATE INTERVENTION REQUIRED. LIVES AND PROPERTY ARE AT RISK NEAR A SENSITIVE AREA. PLEASE DISPATCH EMERGENCY MUNICIPAL CREWS NOW.",submitted,2025-05-24T00:00:00,New York,NY,USA,40.71555841912969,-74.00239566300947,Drainage Authority,,critical,9.7,10,9,50
RPT-374999,noise,"EMERGENCY: CONSTANT, HIGH-DECIBEL INDUSTRIAL HUMMING COMING FROM THE SITE NEXT TO THE APARTMENT COMPLEX. IT’S BEEN ONGOING FOR 48 HOURS AND IS CAUSING SEVERE SLEEP DEPRIVATION. IMMEDIATE INTERVENTION REQUIRED. LIVES AND PROPERTY ARE AT RISK NEAR A SENSITIVE AREA. PLEASE DISPATCH EMERGENCY MUNICIPAL CREWS NOW.",submitted,2025-10-05T00:00:00,Los Angeles,CA,USA,34.04787400680573,-118.2437156561084,Public Safety,,critical,9.24,9,9,49
RPT-220450,garbage,URGENT: Illegal dumping at the commercial intersection is blocking the pedestrian crossing. It's a health hazard and completely unsightly for local business owners. This situation is impacting hundreds of people on this main road and requires a crew immediately. It's becoming a major liability for the city.,submitted,2025-07-21T00:00:00,Houston,TX,USA,29.762732569368648,-95.36908252221048,Sanitation,,high,7.18,7,7,38
RPT-202521,pothole,EMERGENCY: THE POTHOLE ON THE MAIN ROAD IS GETTING DEEPER AND I'VE SEEN THREE CARS SWERVE INTO THE OPPOSITE LANE TO AVOID IT TODAY. IT'S A SIGNIFICANT SAFETY RISK DURING RUSH HOUR. IMMEDIATE INTERVENTION REQUIRED. LIVES AND PROPERTY ARE AT RISK NEAR A SENSITIVE AREA. PLEASE DISPATCH EMERGENCY MUNICIPAL CREWS NOW.,submitted,2026-04-27T00:00:00,Houston,TX,USA,29.758739901670577,-95.36715834713092,Roads & Highways,,critical,9.94,10,10,49
RPT-332524,water_leakage,"I've noticed that significant water pooling is occurring, possibly a burst pipe.  This needs immediate attention.",in-progress,2026-03-17T19:27:31.182657,Phoenix,AZ,USA,33.4513051489144,-112.061676559333,Water Department,,medium,4.82,2,6,37
RPT-772722,drainage,"URGENT: The storm drain is partially collapsed and blocked with heavy debris. With rain in the forecast, the surrounding residential area is at high risk of flooding. This situation is impacting hundreds of people on this main road and requires a crew immediately. It's becoming a major liability for the city.",submitted,2026-01-19T00:00:00,Chicago,IL,USA,41.87797411409218,-87.63414316496156,Drainage Authority,,high,7.94,8,8,39
RPT-988476,garbage,Overflowing dumpster behind the grocery store. It's really gross and unhygienic with the summer heat.,submitted,2025-12-01T00:00:00,New York,NY,USA,40.71257057536528,-74.00153356617308,Sanitation,,low,2.58,3,2,13
RPT-649739,drainage,"URGENT: The storm drain is partially collapsed and blocked with heavy debris. With rain in the forecast, the surrounding residential area is at high risk of flooding. This situation is impacting hundreds of people on this main road and requires a crew immediately. It's becoming a major liability for the city.",submitted,2025-10-01T00:00:00,Phoenix,AZ,USA,33.45192626895868,-112.0711186410819,Drainage Authority,,high,7.6,7,8,40
RPT-439162,garbage,Broken glass and trash scattered along the curb. Not safe for pedestrians.,submitted,2025-07-29T19:29:14.031169,Phoenix,AZ,USA,33.44178771051709,-112.08370391056702,Sanitation,,medium,6.08,2,10,38
RPT-214257,illegal_parking,Truck blocking the driveway. I can't get my car out to go to work.,resolved,2026-04-04T19:29:14.032192,Houston,TX,USA,29.76440930854232,-95.36067308872644,Traffic Department,2026-04-06T19:29:14.032192,low,2.4,3,3,5
RPT-493786,pothole,URGENT: The pothole on the main road is getting deeper and I've seen three cars swerve into the opposite lane to avoid it today. It's a significant safety risk during rush hour. This situation is impacting hundreds of people on this main road and requires a crew immediately. It's becoming a major liability for the city.,submitted,2026-01-07T00:00:00,Los Angeles,CA,USA,34.048075804205205,-118.24128760486484,Roads & Highways,,high,7.76,8,7,41
RPT-893191,pothole,Hit a massive pothole on Grand St that damaged my wheel. Needs filling ASAP.,in-progress,2025-11-22T19:29:14.031415,Phoenix,AZ,USA,33.45485121069352,-112.07611596006612,Roads & Highways,,medium,6.36,3,10,36
RPT-792269,water_leakage,"Water bubbling up through the pavement, looks like a pipe failure.",resolved,2025-06-22T00:00:00,Houston,TX,USA,29.777848922326456,-95.38850986143348,Water Department,2025-06-25T00:00:00,medium,5.48,5,7,23
RPT-214232,drainage,"Water pooling on the curb, not draining into the storm sewer.",resolved,2025-09-09T00:00:00,Houston,TX,USA,29.726324997064445,-95.33194927312346,Drainage Authority,2025-09-14T00:00:00,medium,4.36,7,2,16
RPT-104823,illegal_parking,"EMERGENCY: MULTIPLE VEHICLES ARE DOUBLE-PARKED ALONG THE MAIN COMMERCIAL STRIP, FORCING BUSES TO STOP IN THE MIDDLE OF THE ROAD AND CREATING A TOTAL TRAFFIC DEADLOCK. IMMEDIATE INTERVENTION REQUIRED. LIVES AND PROPERTY ARE AT RISK NEAR A SENSITIVE AREA. PLEASE DISPATCH EMERGENCY MUNICIPAL CREWS NOW.",submitted,2026-03-02T00:00:00,Los Angeles,CA,USA,34.05135761841361,-118.2399348958878,Traffic Department,,critical,9.58,10,9,48
RPT-276695,water_leakage,"EMERGENCY: A SIGNIFICANT WATER LEAK NEAR THE SCHOOL ENTRANCE IS CREATING A LARGE, SLIPPERY POND. IT'S WASTING CITY RESOURCES AND MAKING IT HARD FOR KIDS TO GET TO CLASS. IMMEDIATE INTERVENTION REQUIRED. LIVES AND PROPERTY ARE AT RISK NEAR A SENSITIVE AREA. PLEASE DISPATCH EMERGENCY MUNICIPAL CREWS NOW.",submitted,2026-02-20T00:00:00,Chicago,IL,USA,41.88244244310989,-87.6291237440152,Water Department,,critical,9.7,10,10,45
RPT-529597,streetlight,"Streetlight near bus stop on 2nd Ave constantly flickering, causing concern for safety.",in-progress,2024-06-13T22:41:00,Ridgewood,New Jersey,USA,40.9791,-74.1165,Electrical,,low,2.2,1,5,5
RPT-733187,noise,Barking dogs left unattended for hours in the backyard. Extremely disruptive for the neighborhood.,in-progress,2025-12-04T20:38:18.158230,Phoenix,AZ,USA,33.451343582324185,-112.06609494558413,Public Safety,,high,7.44,9,10,14
RPT-701614,illegal_parking,Truck blocking the driveway. I can't get my car out to go to work.,submitted,2026-02-08T19:29:14.032521,Chicago,IL,USA,41.87806469860463,-87.63889165504098,Traffic Department,,low,2.76,3,4,6
RPT-793849,pothole,EMERGENCY: THE POTHOLE ON THE MAIN ROAD IS GETTING DEEPER AND I'VE SEEN THREE CARS SWERVE INTO THE OPPOSITE LANE TO AVOID IT TODAY. IT'S A SIGNIFICANT SAFETY RISK DURING RUSH HOUR. IMMEDIATE INTERVENTION REQUIRED. LIVES AND PROPERTY ARE AT RISK NEAR A SENSITIVE AREA. PLEASE DISPATCH EMERGENCY MUNICIPAL CREWS NOW.,submitted,2025-06-10T00:00:00,Houston,TX,USA,29.75554331194465,-95.37440941571066,Roads & Highways,,critical,9.6,9,10,50
RPT-986938,streetlight,The pole is leaning and the light is shattered.,submitted,2025-12-06T00:00:00,Houston,TX,USA,29.74159078472556,-95.32748434389872,Electrical Department,,low,3.32,5,3,7
RPT-334200,streetlight,About three lights are out on this entire block. It creates a major security risk for residents.,in-progress,2026-03-30T00:00:00,Phoenix,AZ,USA,33.48199339082289,-112.10543251876103,Electrical Department,,high,7.78,10,7,28
RPT-293073,streetlight,Streetlight flickers and turns off intermittently on Baker St.,resolved,2024-06-14T21:17:00,Rahway,New Jersey,USA,40.6084,-74.2779,Electrical,2024-06-16T09:21:00,medium,4.86,3,7,26
RPT-403833,streetlight,Light is flickering constantly. Very annoying and distracting.,submitted,2026-03-23T19:29:14.033757,Phoenix,AZ,USA,33.446630732842195,-112.06858122794084,Electrical Department,,low,2.02,1,1,22
RPT-199805,pothole,URGENT: The pothole on the main road is getting deeper and I've seen three cars swerve into the opposite lane to avoid it today. It's a significant safety risk during rush hour. This situation is impacting hundreds of people on this main road and requires a crew immediately. It's becoming a major liability for the city.,submitted,2025-08-01T00:00:00,Los Angeles,CA,USA,34.05350062555392,-118.2458031729154,Roads & Highways,,high,8.12,8,9,37
RPT-914181,garbage,Public waste container is completely full. Need an extra collection.,resolved,2025-08-08T19:29:14.031624,Chicago,IL,USA,41.87745862398522,-87.62763185460481,Sanitation,2025-08-17T19:29:14.031624,medium,5.98,4,8,33
RPT-957785,illegal_parking,Illegal parking right up against the fire hydrant. This is a huge safety violation.,resolved,2025-10-16T20:38:18.157037,Los Angeles,CA,USA,34.055535962766434,-118.2382445270226,Traffic Department,2025-10-24T20:38:18.157037,medium,4.02,3,3,32
RPT-947222,illegal-dumping,"Illegal dumping of old furniture near the alley, blocking access and creating health risks.",in-progress,2023-07-06T13:05:00,Chicago,IL,USA,41.7787,-87.6953,Sanitation,,low,3.86,2,7,16
RPT-162890,garbage,EMERGENCY: ILLEGAL DUMPING AT THE COMMERCIAL INTERSECTION IS BLOCKING THE PEDESTRIAN CROSSING. IT'S A HEALTH HAZARD AND COMPLETELY UNSIGHTLY FOR LOCAL BUSINESS OWNERS. IMMEDIATE INTERVENTION REQUIRED. LIVES AND PROPERTY ARE AT RISK NEAR A SENSITIVE AREA. PLEASE DISPATCH EMERGENCY MUNICIPAL CREWS NOW.,submitted,2025-07-11T00:00:00,Phoenix,AZ,USA,33.44862086228018,-112.07804452750622,Sanitation,,critical,9.82,10,10,47
RPT-370506,pothole,EMERGENCY: THE POTHOLE ON THE MAIN ROAD IS GETTING DEEPER AND I'VE SEEN THREE CARS SWERVE INTO THE OPPOSITE LANE TO AVOID IT TODAY. IT'S A SIGNIFICANT SAFETY RISK DURING RUSH HOUR. IMMEDIATE INTERVENTION REQUIRED. LIVES AND PROPERTY ARE AT RISK NEAR A SENSITIVE AREA. PLEASE DISPATCH EMERGENCY MUNICIPAL CREWS NOW.,submitted,2026-02-27T00:00:00,New York,NY,USA,40.71511196600246,-74.01048836373394,Roads & Highways,,critical,9.82,10,10,47
RPT-805098,water_leakage,"EMERGENCY: A SIGNIFICANT WATER LEAK NEAR THE SCHOOL ENTRANCE IS CREATING A LARGE, SLIPPERY POND. IT'S WASTING CITY RESOURCES AND MAKING IT HARD FOR KIDS TO GET TO CLASS. IMMEDIATE INTERVENTION REQUIRED. LIVES AND PROPERTY ARE AT RISK NEAR A SENSITIVE AREA. PLEASE DISPATCH EMERGENCY MUNICIPAL CREWS NOW.",submitted,2025-11-21T00:00:00,Chicago,IL,USA,41.8827130452033,-87.63109322791948,Water Department,,critical,9.4,10,9,45
RPT-128721,noise,Construction crew is starting their work at 5 AM. It is way too loud and violating city ordinances.,submitted,2026-01-13T00:00:00,Houston,TX,USA,29.714174001746365,-95.37091435166504,Public Safety,,low,1.06,1,2,1
RPT-538490,pothole,"Large pothole on bridge approach, dangerous for vehicles.",resolved,2024-05-27T17:14:00,Brooklyn,NY,USA,40.712,-73.971,Roads & Highways,2024-05-28T11:57:00,medium,6.64,10,2,34
RPT-713569,water_leakage,"EMERGENCY: A SIGNIFICANT WATER LEAK NEAR THE SCHOOL ENTRANCE IS CREATING A LARGE, SLIPPERY POND. IT'S WASTING CITY RESOURCES AND MAKING IT HARD FOR KIDS TO GET TO CLASS. IMMEDIATE INTERVENTION REQUIRED. LIVES AND PROPERTY ARE AT RISK NEAR A SENSITIVE AREA. PLEASE DISPATCH EMERGENCY MUNICIPAL CREWS NOW.",submitted,2025-07-23T00:00:00,Phoenix,AZ,USA,33.45043977342758,-112.07417783189776,Water Department,,critical,9.48,9,10,48
RPT-389399,illegal_parking,"URGENT: Multiple vehicles are double-parked along the main commercial strip, forcing buses to stop in the middle of the road and creating a total traffic deadlock. This situation is impacting hundreds of people on this main road and requires a crew immediately. It's becoming a major liability for the city.",submitted,2025-12-29T00:00:00,Phoenix,AZ,USA,33.447073157237426,-112.078105843801,Traffic Department,,high,8.0,8,8,40
RPT-465971,garbage,"Garbage truck missed our block again. Overflowing bins are attracting rats, and the smell is unbearable.",in-progress,2025-07-01T20:38:18.157726,Phoenix,AZ,USA,33.45041435328475,-112.07320373143722,Sanitation,,high,8.16,6,10,46
RPT-729635,garbage,"City collection missed our street again, bags piling up.",submitted,2025-07-04T00:00:00,Houston,TX,USA,29.79172873258636,-95.37206853195173,Sanitation,,critical,8.94,9,9,44
RPT-645906,streetlight,I've noticed that the streetlight is flickering constantly and is very distracting.  This needs immediate attention.,submitted,2025-12-22T19:27:31.182035,Houston,TX,USA,29.756317708207423,-95.36415684315097,Electrical Department,,medium,5.16,6,8,6
RPT-281767,water_leakage,"EMERGENCY: A SIGNIFICANT WATER LEAK NEAR THE SCHOOL ENTRANCE IS CREATING A LARGE, SLIPPERY POND. IT'S WASTING CITY RESOURCES AND MAKING IT HARD FOR KIDS TO GET TO CLASS. IMMEDIATE INTERVENTION REQUIRED. LIVES AND PROPERTY ARE AT RISK NEAR A SENSITIVE AREA. PLEASE DISPATCH EMERGENCY MUNICIPAL CREWS NOW.",submitted,2025-09-18T00:00:00,Los Angeles,CA,USA,34.05294761327458,-118.24631530347224,Water Department,,critical,9.88,10,10,48
RPT-910447,streetlight,URGENT: The entire block's streetlights are out near the hospital parking zone. It feels extremely unsafe for the night shift staff walking to their vehicles. This situation is impacting hundreds of people on this main road and requires a crew immediately. It's becoming a major liability for the city.,submitted,2026-01-26T00:00:00,Houston,TX,USA,29.763060102049195,-95.37363416114763,Electrical Department,,high,7.42,7,9,32
RPT-594061,streetlight,EMERGENCY: THE ENTIRE BLOCK'S STREETLIGHTS ARE OUT NEAR THE HOSPITAL PARKING ZONE. IT FEELS EXTREMELY UNSAFE FOR THE NIGHT SHIFT STAFF WALKING TO THEIR VEHICLES. IMMEDIATE INTERVENTION REQUIRED. LIVES AND PROPERTY ARE AT RISK NEAR A SENSITIVE AREA. PLEASE DISPATCH EMERGENCY MUNICIPAL CREWS NOW.,submitted,2026-03-17T00:00:00,Houston,TX,USA,29.76093584998188,-95.36827908035345,Electrical Department,,critical,9.3,9,10,45
RPT-602912,garbage,EMERGENCY: ILLEGAL DUMPING AT THE COMMERCIAL INTERSECTION IS BLOCKING THE PEDESTRIAN CROSSING. IT'S A HEALTH HAZARD AND COMPLETELY UNSIGHTLY FOR LOCAL BUSINESS OWNERS. IMMEDIATE INTERVENTION REQUIRED. LIVES AND PROPERTY ARE AT RISK NEAR A SENSITIVE AREA. PLEASE DISPATCH EMERGENCY MUNICIPAL CREWS NOW.,submitted,2026-04-09T00:00:00,Chicago,IL,USA,41.87838776740535,-87.62914709063375,Sanitation,,critical,9.0,9,9,45
RPT-173184,drainage,Flooding on the street is making it impossible to cross.,in-progress,2025-08-09T00:00:00,New York,NY,USA,40.7257970808676,-73.98170941172414,Drainage Authority,,high,7.64,8,9,29
RPT-921999,garbage,Overflowing garbage bins near the public park entrance causing foul odors and attracting pests.,in-progress,2024-06-15T09:14:00,Newark,New Jersey,USA,40.7357,-74.1724,Sanitation,,medium,5.62,7,2,37
RPT-748059,other,Broken swing set in the playground behind Lincoln School.,submitted,2024-06-08T17:43:00,South Orange,New Jersey,USA,40.7482,-74.2615,,,high,7.68,6,9,43
RPT-340944,water_leakage,Can someone please fix there's a persistent drip from the main water line.  Please address this as soon as possible.,resolved,2025-07-21T19:27:31.183594,Los Angeles,CA,USA,34.05106639763861,-118.23439371319068,Water Department,2025-07-25T19:27:31.183594,medium,6.22,7,10,7
RPT-119155,water-leak,Water leak at community pool causing slippery surfaces.,resolved,2024-03-10T10:57:00,Fremont,California,USA,37.5622,-122.021,Water Department,2024-03-11T13:22:00,low,3.58,4,2,23
RPT-773955,noise,"Loud construction noise every morning, disrupting residents' sleep and work.",submitted,2023-07-07T07:30:00,Chicago,IL,USA,41.9112,-87.6777,,,low,2.42,2,2,17
RPT-131380,noise,"URGENT: Constant, high-decibel industrial humming coming from the site next to the apartment complex. It’s been ongoing for 48 hours and is causing severe sleep deprivation. This situation is impacting hundreds of people on this main road and requires a crew immediately. It's becoming a major liability for the city.",submitted,2026-03-28T00:00:00,Houston,TX,USA,29.763043531620223,-95.36873374616762,Public Safety,,high,8.12,8,7,47
RPT-724804,illegal-dumping,Dumping of old furniture in alley behind apartment block.,submitted,2023-09-16T16:43:00,Chicago,IL,USA,41.7292,-87.5512,Waste Management,,low,3.14,2,7,4
RPT-589508,drainage,"URGENT: The storm drain is partially collapsed and blocked with heavy debris. With rain in the forecast, the surrounding residential area is at high risk of flooding. This situation is impacting hundreds of people on this main road and requires a crew immediately. It's becoming a major liability for the city.",submitted,2025-12-08T00:00:00,New York,NY,USA,40.71718601818885,-74.00481195233989,Drainage Authority,,high,8.12,8,8,42
RPT-888496,garbage,"Residents are putting out trash on the wrong days, and it's piling up in front of my driveway.",in-progress,2025-10-25T20:38:18.156950,Houston,TX,USA,29.76212593188957,-95.3677257305136,Sanitation,,low,3.7,4,3,20
RPT-524662,illegal_parking,"Multiple cars parked on the sidewalk, forcing pedestrians into the street.",in-progress,2025-03-10T00:00:00,New York,NY,USA,40.70486126176914,-74.04381443558805,Traffic Department,,medium,5.7,6,5,30
RPT-182871,drainage,Drainage cover is missing or broken. Hazard for tires.,submitted,2025-11-23T19:29:14.031679,Chicago,IL,USA,41.87911289713875,-87.63887009886382,Drainage Authority,,high,7.12,4,9,47
RPT-216328,illegal_parking,It's really frustrating that cars are illegally parked in a no-parking zone.  I'm concerned about safety here.,submitted,2025-06-04T19:27:31.182385,Houston,TX,USA,29.7791507067834,-95.38721368231244,Traffic Department,,medium,4.0,4,4,20
RPT-221170,streetlight,URGENT: The entire block's streetlights are out near the hospital parking zone. It feels extremely unsafe for the night shift staff walking to their vehicles. This situation is impacting hundreds of people on this main road and requires a crew immediately. It's becoming a major liability for the city.,submitted,2026-02-07T00:00:00,Los Angeles,CA,USA,34.05276068521553,-118.24489359424568,Electrical Department,,high,7.36,7,9,31
RPT-629254,streetlight,EMERGENCY: THE ENTIRE BLOCK'S STREETLIGHTS ARE OUT NEAR THE HOSPITAL PARKING ZONE. IT FEELS EXTREMELY UNSAFE FOR THE NIGHT SHIFT STAFF WALKING TO THEIR VEHICLES. IMMEDIATE INTERVENTION REQUIRED. LIVES AND PROPERTY ARE AT RISK NEAR A SENSITIVE AREA. PLEASE DISPATCH EMERGENCY MUNICIPAL CREWS NOW.,submitted,2026-03-18T00:00:00,Phoenix,AZ,USA,33.45067597690914,-112.07525806721596,Electrical Department,,critical,9.7,10,10,45
RPT-609844,garbage,"Public park bins are stuffed, litter is everywhere.",submitted,2025-01-25T00:00:00,Houston,TX,USA,29.80393608821691,-95.38478794261884,Sanitation,,high,7.88,8,6,48
RPT-831574,pothole,"Multiple small potholes appearing, causing traffic to slow down significantly.",in-progress,2025-05-30T00:00:00,Chicago,IL,USA,41.901316878274585,-87.66444715065163,Roads & Highways,,low,3.68,2,6,18
RPT-328524,water_leakage,"EMERGENCY: A SIGNIFICANT WATER LEAK NEAR THE SCHOOL ENTRANCE IS CREATING A LARGE, SLIPPERY POND. IT'S WASTING CITY RESOURCES AND MAKING IT HARD FOR KIDS TO GET TO CLASS. IMMEDIATE INTERVENTION REQUIRED. LIVES AND PROPERTY ARE AT RISK NEAR A SENSITIVE AREA. PLEASE DISPATCH EMERGENCY MUNICIPAL CREWS NOW.",submitted,2026-01-08T00:00:00,New York,NY,USA,40.71672814812515,-74.00576863852523,Water Department,,critical,9.94,10,10,49
RPT-243067,illegal_parking,"URGENT: Multiple vehicles are double-parked along the main commercial strip, forcing buses to stop in the middle of the road and creating a total traffic deadlock. This situation is impacting hundreds of people on this main road and requires a crew immediately. It's becoming a major liability for the city.",submitted,2025-08-18T00:00:00,Los Angeles,CA,USA,34.049389591461015,-118.24109994405188,Traffic Department,,high,7.82,8,7,42
RPT-385901,water-leak,Steady water leak near storm drain is flooding part of the street.,in-progress,2024-03-08T12:44:00,Oakland,California,USA,37.7976,-122.2591,Water Department,,medium,6.6,9,2,40
RPT-793194,noise,Loud music from the neighbor's party is rattling my windows.,resolved,2025-06-20T00:00:00,Houston,TX,USA,29.760187526192063,-95.31283335882564,Public Safety,2025-06-29T00:00:00,high,7.34,8,7,34
RPT-807475,streetlight,Streetlight at the corner of Main St has been out for weeks. Feels unsafe at night.,submitted,2025-07-30T19:29:14.031074,Chicago,IL,USA,41.8741726458159,-87.6275262974495,Electrical Department,,low,3.4,4,4,10
RPT-419564,streetlight,EMERGENCY: THE ENTIRE BLOCK'S STREETLIGHTS ARE OUT NEAR THE HOSPITAL PARKING ZONE. IT FEELS EXTREMELY UNSAFE FOR THE NIGHT SHIFT STAFF WALKING TO THEIR VEHICLES. IMMEDIATE INTERVENTION REQUIRED. LIVES AND PROPERTY ARE AT RISK NEAR A SENSITIVE AREA. PLEASE DISPATCH EMERGENCY MUNICIPAL CREWS NOW.,submitted,2025-10-21T00:00:00,Los Angeles,CA,USA,34.051998681430774,-118.24474533495936,Electrical Department,,critical,9.7,10,10,45
RPT-616690,garbage,URGENT: Illegal dumping at the commercial intersection is blocking the pedestrian crossing. It's a health hazard and completely unsightly for local business owners. This situation is impacting hundreds of people on this main road and requires a crew immediately. It's becoming a major liability for the city.,submitted,2025-10-28T00:00:00,Phoenix,AZ,USA,33.44668782644975,-112.07692353011612,Sanitation,,high,7.4,8,7,35
RPT-758723,garbage,EMERGENCY: ILLEGAL DUMPING AT THE COMMERCIAL INTERSECTION IS BLOCKING THE PEDESTRIAN CROSSING. IT'S A HEALTH HAZARD AND COMPLETELY UNSIGHTLY FOR LOCAL BUSINESS OWNERS. IMMEDIATE INTERVENTION REQUIRED. LIVES AND PROPERTY ARE AT RISK NEAR A SENSITIVE AREA. PLEASE DISPATCH EMERGENCY MUNICIPAL CREWS NOW.,submitted,2026-04-15T00:00:00,Houston,TX,USA,29.756214373166443,-95.3702090624742,Sanitation,,critical,9.58,10,9,48
RPT-166027,drainage,"URGENT: The storm drain is partially collapsed and blocked with heavy debris. With rain in the forecast, the surrounding residential area is at high risk of flooding. This situation is impacting hundreds of people on this main road and requires a crew immediately. It's becoming a major liability for the city.",submitted,2025-11-02T00:00:00,Houston,TX,USA,29.756661089247764,-95.37159280229476,Drainage Authority,,high,8.14,7,9,44
RPT-822600,pothole,URGENT: The pothole on the main road is getting deeper and I've seen three cars swerve into the opposite lane to avoid it today. It's a significant safety risk during rush hour. This situation is impacting hundreds of people on this main road and requires a crew immediately. It's becoming a major liability for the city.,submitted,2025-07-17T00:00:00,Phoenix,AZ,USA,33.44762489602138,-112.0738444843095,Roads & Highways,,high,8.18,8,7,48
RPT-493917,noise,"Persistent car alarms in the parking lot, causing disruption to nearby apartments.",submitted,2024-06-06T05:37:00,New York,NY,USA,40.761,-73.977,Community Affairs,,low,3.22,1,7,12
RPT-850935,noise,Constant hum/machinery noise from the nearby site. Very intrusive.,resolved,2025-07-16T19:29:14.033025,Los Angeles,CA,USA,34.04425728863575,-118.23944724306855,Public Safety,2025-07-26T19:29:14.033025,medium,5.06,2,8,31
RPT-912708,noise,Constant noise from the HVAC units at the new commercial building. It hums all night and vibrates the windows.,submitted,2025-12-09T20:38:18.158030,Chicago,IL,USA,41.88718996005728,-87.62281716874291,Public Safety,,medium,4.9,4,2,45
RPT-642629,streetlight,The light stays on during the day but is off at night. Completely backwards. Needs a repair.,submitted,2026-03-01T00:00:00,Houston,TX,USA,29.72880349455585,-95.40133437337605,Electrical Department,,medium,6.02,8,3,32
RPT-931750,pothole,"Deep crater in the road, extremely dangerous for cyclists.",resolved,2025-09-20T00:00:00,Chicago,IL,USA,41.84182008864211,-87.61963433346745,Roads & Highways,2025-09-22T00:00:00,medium,4.9,1,5,50
RPT-418171,noise,"URGENT: Constant, high-decibel industrial humming coming from the site next to the apartment complex. It’s been ongoing for 48 hours and is causing severe sleep deprivation. This situation is impacting hundreds of people on this main road and requires a crew immediately. It's becoming a major liability for the city.",submitted,2026-01-26T00:00:00,Phoenix,AZ,USA,33.44921803891551,-112.07422487445292,Public Safety,,high,7.88,8,9,33
RPT-113847,drainage,Drainage grate is rusted through and unsafe.,resolved,2025-07-22T00:00:00,Phoenix,AZ,USA,33.44759621458484,-112.07309949723972,Drainage Authority,2025-07-25T00:00:00,critical,8.64,9,9,39
RPT-771783,noise,Barking dogs left unattended for hours in the backyard. Extremely disruptive for the neighborhood.,resolved,2025-08-02T20:38:18.156916,Los Angeles,CA,USA,34.05397391395005,-118.23471024868992,Public Safety,2025-08-08T20:38:18.156916,medium,6.34,7,2,49
RPT-850967,graffiti,"Graffiti tags on the subway entrance, making the area look neglected.",resolved,2024-05-30T12:58:00,New York,NY,USA,40.71,-74.004,Public Works,2024-05-31T14:35:00,low,2.96,2,7,1
RPT-608524,noise,Constant noise from the HVAC units at the new commercial building. It hums all night and vibrates the windows.,resolved,2026-01-14T20:38:18.158131,Chicago,IL,USA,41.87849495533639,-87.6198855239688,Public Safety,2026-01-15T20:38:18.158131,medium,5.22,9,3,12
RPT-165313,illegal_parking,"Car parked in front of the driveway, blocking me in.",in-progress,2025-01-21T00:00:00,Phoenix,AZ,USA,33.42203739506537,-112.04886852828338,Traffic Department,,medium,5.78,8,4,23
RPT-597708,garbage,EMERGENCY: ILLEGAL DUMPING AT THE COMMERCIAL INTERSECTION IS BLOCKING THE PEDESTRIAN CROSSING. IT'S A HEALTH HAZARD AND COMPLETELY UNSIGHTLY FOR LOCAL BUSINESS OWNERS. IMMEDIATE INTERVENTION REQUIRED. LIVES AND PROPERTY ARE AT RISK NEAR A SENSITIVE AREA. PLEASE DISPATCH EMERGENCY MUNICIPAL CREWS NOW.,submitted,2026-03-16T00:00:00,Phoenix,AZ,USA,33.44464225251546,-112.07779899547369,Sanitation,,critical,9.3,9,10,45
RPT-720508,illegal-dumping,Illegal dumping of household furniture on empty lot.,resolved,2024-05-27T10:16:00,Brooklyn,NY,USA,40.701,-73.936,Sanitation,2024-05-29T11:41:00,low,1.12,1,2,2
RPT-937978,noise,"URGENT: Constant, high-decibel industrial humming coming from the site next to the apartment complex. It’s been ongoing for 48 hours and is causing severe sleep deprivation. This situation is impacting hundreds of people on this main road and requires a crew immediately. It's becoming a major liability for the city.",submitted,2025-10-08T00:00:00,New York,NY,USA,40.70949312054445,-74.00805752277195,Public Safety,,high,7.58,8,8,33
RPT-952852,illegal_parking,"EMERGENCY: MULTIPLE VEHICLES ARE DOUBLE-PARKED ALONG THE MAIN COMMERCIAL STRIP, FORCING BUSES TO STOP IN THE MIDDLE OF THE ROAD AND CREATING A TOTAL TRAFFIC DEADLOCK. IMMEDIATE INTERVENTION REQUIRED. LIVES AND PROPERTY ARE AT RISK NEAR A SENSITIVE AREA. PLEASE DISPATCH EMERGENCY MUNICIPAL CREWS NOW.",submitted,2025-05-28T00:00:00,Phoenix,AZ,USA,33.44982033746732,-112.07064226171872,Traffic Department,,critical,9.46,10,9,46
RPT-843874,pothole,"Hit a massive pothole on my way to work, it really messed up my alignment. Please fix this before someone gets into an accident.",in-progress,2026-03-11T00:00:00,Houston,TX,USA,29.787063146782057,-95.36605471324394,Roads & Highways,,medium,5.74,10,5,4
RPT-830572,garbage,Can someone please fix garbage collection seems to have been missed this week.  It's becoming quite dangerous.,in-progress,2025-06-06T19:27:31.183464,Chicago,IL,USA,41.89257905173411,-87.62481220502654,Sanitation,,high,7.26,9,6,31
RPT-840888,noise,"EMERGENCY: CONSTANT, HIGH-DECIBEL INDUSTRIAL HUMMING COMING FROM THE SITE NEXT TO THE APARTMENT COMPLEX. IT’S BEEN ONGOING FOR 48 HOURS AND IS CAUSING SEVERE SLEEP DEPRIVATION. IMMEDIATE INTERVENTION REQUIRED. LIVES AND PROPERTY ARE AT RISK NEAR A SENSITIVE AREA. PLEASE DISPATCH EMERGENCY MUNICIPAL CREWS NOW.",submitted,2025-12-03T00:00:00,Chicago,IL,USA,41.88102972477106,-87.62627076462725,Public Safety,,critical,9.94,10,10,49
RPT-629537,illegal_parking,"URGENT: Multiple vehicles are double-parked along the main commercial strip, forcing buses to stop in the middle of the road and creating a total traffic deadlock. This situation is impacting hundreds of people on this main road and requires a crew immediately. It's becoming a major liability for the city.",submitted,2025-10-23T00:00:00,Houston,TX,USA,29.759978023303407,-95.36562514936706,Traffic Department,,high,7.6,7,9,35
RPT-638136,streetlight,Please look into the streetlight has been burned out for weeks.  Please address this as soon as possible.,in-progress,2025-06-03T19:27:31.181324,New York,NY,USA,40.71197935391948,-74.00544303890413,Electrical Department,,low,2.26,1,4,11
RPT-655644,drainage,Storm drain is completely clogged with leaves and trash. Flooding my entire front yard every time it drizzles.,resolved,2025-05-01T20:38:18.157285,Los Angeles,CA,USA,34.054423726891294,-118.23858152271532,Drainage Authority,2025-05-10T20:38:18.157285,medium,3.96,6,3,11
RPT-138522,streetlight,EMERGENCY: THE ENTIRE BLOCK'S STREETLIGHTS ARE OUT NEAR THE HOSPITAL PARKING ZONE. IT FEELS EXTREMELY UNSAFE FOR THE NIGHT SHIFT STAFF WALKING TO THEIR VEHICLES. IMMEDIATE INTERVENTION REQUIRED. LIVES AND PROPERTY ARE AT RISK NEAR A SENSITIVE AREA. PLEASE DISPATCH EMERGENCY MUNICIPAL CREWS NOW.,submitted,2025-07-18T00:00:00,Chicago,IL,USA,41.88128751268616,-87.62686080697999,Electrical Department,,critical,9.4,10,9,45
RPT-446659,pothole,Small but sharp pothole that is definitely going to pop someone's tire. Could we get this filled quickly?,resolved,2025-09-25T00:00:00,Chicago,IL,USA,41.89641623600138,-87.57733207105447,Roads & Highways,2025-09-29T00:00:00,low,3.82,4,3,22
RPT-409836,pothole,EMERGENCY: THE POTHOLE ON THE MAIN ROAD IS GETTING DEEPER AND I'VE SEEN THREE CARS SWERVE INTO THE OPPOSITE LANE TO AVOID IT TODAY. IT'S A SIGNIFICANT SAFETY RISK DURING RUSH HOUR. IMMEDIATE INTERVENTION REQUIRED. LIVES AND PROPERTY ARE AT RISK NEAR A SENSITIVE AREA. PLEASE DISPATCH EMERGENCY MUNICIPAL CREWS NOW.,submitted,2025-09-13T00:00:00,Houston,TX,USA,29.76329612885289,-95.36952141261912,Roads & Highways,,critical,9.64,10,9,49
RPT-355500,drainage,Large blockage in the storm drain pipe. Water is backing up.,submitted,2026-04-06T19:29:14.032817,New York,NY,USA,40.713393901339785,-74.009914087725,Drainage Authority,,medium,4.54,1,9,24
RPT-486662,illegal_parking,Can someone please fix a vehicle is parked right in front of the fire hydrant.  It's becoming quite dangerous.,in-progress,2025-09-09T19:27:31.181450,Phoenix,AZ,USA,33.44790384976107,-112.06561384092718,Traffic Department,,medium,5.66,8,6,11
RPT-558870,water_leakage,Water leaking into the basement from the street side. Notified the landlord but it looks like a city issue.,resolved,2025-06-30T20:38:18.157660,Houston,TX,USA,29.767161649165978,-95.36683742517592,Water Department,2025-07-08T20:38:18.157660,medium,5.28,9,3,13
RPT-853465,garbage,Overflowing trash can at the playground on 6th Ave.,closed,2024-06-05T10:23:00,West New York,New Jersey,USA,40.7885,-74.0143,Sanitation,2024-06-06T13:09:00,medium,4.62,6,3,22
RPT-204529,drainage,"URGENT: The storm drain is partially collapsed and blocked with heavy debris. With rain in the forecast, the surrounding residential area is at high risk of flooding. This situation is impacting hundreds of people on this main road and requires a crew immediately. It's becoming a major liability for the city.",submitted,2026-02-26T00:00:00,Los Angeles,CA,USA,34.05305695521128,-118.2404442857262,Drainage Authority,,high,8.3,8,8,45
RPT-562397,noise,"EMERGENCY: CONSTANT, HIGH-DECIBEL INDUSTRIAL HUMMING COMING FROM THE SITE NEXT TO THE APARTMENT COMPLEX. IT’S BEEN ONGOING FOR 48 HOURS AND IS CAUSING SEVERE SLEEP DEPRIVATION. IMMEDIATE INTERVENTION REQUIRED. LIVES AND PROPERTY ARE AT RISK NEAR A SENSITIVE AREA. PLEASE DISPATCH EMERGENCY MUNICIPAL CREWS NOW.",submitted,2026-03-12T00:00:00,Houston,TX,USA,29.76455345860933,-95.37432855893236,Public Safety,,critical,9.54,9,10,49
RPT-680434,illegal_parking,Blocking the crosswalk area. Very dangerous for kids crossing.,in-progress,2025-05-26T19:29:14.033077,Chicago,IL,USA,41.869625540597326,-87.63525031765447,Traffic Department,,medium,4.08,3,3,33
RPT-592817,streetlight,Lamp post light is shattered and the wires are exposed. This is a serious electrical hazard.,in-progress,2026-01-27T00:00:00,Phoenix,AZ,USA,33.47653873337345,-112.02657817073086,Electrical Department,,medium,4.56,3,4,36
RPT-380204,drainage,"EMERGENCY: THE STORM DRAIN IS PARTIALLY COLLAPSED AND BLOCKED WITH HEAVY DEBRIS. WITH RAIN IN THE FORECAST, THE SURROUNDING RESIDENTIAL AREA IS AT HIGH RISK OF FLOODING. IMMEDIATE INTERVENTION REQUIRED. LIVES AND PROPERTY ARE AT RISK NEAR A SENSITIVE AREA. PLEASE DISPATCH EMERGENCY MUNICIPAL CREWS NOW.",submitted,2025-11-02T00:00:00,Los Angeles,CA,USA,34.052393359864766,-118.24746103944705,Drainage Authority,,critical,9.42,9,10,47
RPT-518408,other,"Broken bench in community playground, unsafe for children.",submitted,2023-07-09T16:20:00,Chicago,IL,USA,41.9467,-87.7499,Parks Department,,medium,4.88,5,7,13
RPT-273874,noise,"EMERGENCY: CONSTANT, HIGH-DECIBEL INDUSTRIAL HUMMING COMING FROM THE SITE NEXT TO THE APARTMENT COMPLEX. IT’S BEEN ONGOING FOR 48 HOURS AND IS CAUSING SEVERE SLEEP DEPRIVATION. IMMEDIATE INTERVENTION REQUIRED. LIVES AND PROPERTY ARE AT RISK NEAR A SENSITIVE AREA. PLEASE DISPATCH EMERGENCY MUNICIPAL CREWS NOW.",submitted,2025-06-05T00:00:00,Los Angeles,CA,USA,34.05326482970235,-118.24197064213207,Public Safety,,critical,9.7,10,10,45
RPT-924852,garbage,EMERGENCY: ILLEGAL DUMPING AT THE COMMERCIAL INTERSECTION IS BLOCKING THE PEDESTRIAN CROSSING. IT'S A HEALTH HAZARD AND COMPLETELY UNSIGHTLY FOR LOCAL BUSINESS OWNERS. IMMEDIATE INTERVENTION REQUIRED. LIVES AND PROPERTY ARE AT RISK NEAR A SENSITIVE AREA. PLEASE DISPATCH EMERGENCY MUNICIPAL CREWS NOW.,submitted,2025-08-23T00:00:00,New York,NY,USA,40.71468337769372,-74.00203399147313,Sanitation,,critical,9.3,9,10,45
RPT-624569,water_leakage,"URGENT: A significant water leak near the school entrance is creating a large, slippery pond. It's wasting city resources and making it hard for kids to get to class. This situation is impacting hundreds of people on this main road and requires a crew immediately. It's becoming a major liability for the city.",submitted,2025-12-06T00:00:00,Chicago,IL,USA,41.87459295169015,-87.62830403453862,Water Department,,high,7.16,8,7,31
RPT-259312,water_leakage,"Water bubbling up through the pavement, looks like a pipe failure.",resolved,2025-09-23T00:00:00,Houston,TX,USA,29.80006739250412,-95.33313477885204,Water Department,2025-10-03T00:00:00,medium,5.26,4,10,11
RPT-331869,garbage,EMERGENCY: ILLEGAL DUMPING AT THE COMMERCIAL INTERSECTION IS BLOCKING THE PEDESTRIAN CROSSING. IT'S A HEALTH HAZARD AND COMPLETELY UNSIGHTLY FOR LOCAL BUSINESS OWNERS. IMMEDIATE INTERVENTION REQUIRED. LIVES AND PROPERTY ARE AT RISK NEAR A SENSITIVE AREA. PLEASE DISPATCH EMERGENCY MUNICIPAL CREWS NOW.,submitted,2025-05-21T00:00:00,Chicago,IL,USA,41.88169632080574,-87.63203431765247,Sanitation,,critical,9.06,9,9,46
RPT-777204,garbage,EMERGENCY: ILLEGAL DUMPING AT THE COMMERCIAL INTERSECTION IS BLOCKING THE PEDESTRIAN CROSSING. IT'S A HEALTH HAZARD AND COMPLETELY UNSIGHTLY FOR LOCAL BUSINESS OWNERS. IMMEDIATE INTERVENTION REQUIRED. LIVES AND PROPERTY ARE AT RISK NEAR A SENSITIVE AREA. PLEASE DISPATCH EMERGENCY MUNICIPAL CREWS NOW.,submitted,2025-11-30T00:00:00,Los Angeles,CA,USA,34.053676559713274,-118.24399668416724,Sanitation,,critical,9.88,10,10,48
RPT-907060,streetlight,"Streetlight not functioning, resulting in a dark street section and safety concerns at night.",submitted,2024-06-02T19:23:00,New York,NY,USA,40.751,-73.99,Electrical Services,,low,3.62,2,7,12
RPT-767720,illegal_parking,"EMERGENCY: MULTIPLE VEHICLES ARE DOUBLE-PARKED ALONG THE MAIN COMMERCIAL STRIP, FORCING BUSES TO STOP IN THE MIDDLE OF THE ROAD AND CREATING A TOTAL TRAFFIC DEADLOCK. IMMEDIATE INTERVENTION REQUIRED. LIVES AND PROPERTY ARE AT RISK NEAR A SENSITIVE AREA. PLEASE DISPATCH EMERGENCY MUNICIPAL CREWS NOW.",submitted,2026-04-27T00:00:00,Phoenix,AZ,USA,33.44597414586118,-112.07050237682944,Traffic Department,,critical,9.54,9,10,49
RPT-752485,illegal_parking,"EMERGENCY: MULTIPLE VEHICLES ARE DOUBLE-PARKED ALONG THE MAIN COMMERCIAL STRIP, FORCING BUSES TO STOP IN THE MIDDLE OF THE ROAD AND CREATING A TOTAL TRAFFIC DEADLOCK. IMMEDIATE INTERVENTION REQUIRED. LIVES AND PROPERTY ARE AT RISK NEAR A SENSITIVE AREA. PLEASE DISPATCH EMERGENCY MUNICIPAL CREWS NOW.",submitted,2025-07-01T00:00:00,New York,NY,USA,40.70856926019929,-74.00596267609599,Traffic Department,,critical,9.7,10,10,45
RPT-875219,garbage,Trash piling up in city center alley.,resolved,2023-08-15T07:08:00,Indianapolis,IN,USA,39.7679,-86.1581,Sanitation,2023-08-17T08:43:00,low,3.34,1,7,14
RPT-604072,illegal_parking,"Truck parked in a no-parking zone, blocking visibility for turns.",submitted,2025-03-05T00:00:00,Phoenix,AZ,USA,33.451621064922534,-112.03096701989833,Traffic Department,,medium,4.48,4,8,8
RPT-297906,garbage,"Overflowing garbage bins at the corner, attracting pests and causing unpleasant odors.",submitted,2023-07-03T14:25:00,Chicago,IL,USA,41.9031,-87.6928,,,medium,5.16,6,7,11
RPT-570609,drainage,"EMERGENCY: THE STORM DRAIN IS PARTIALLY COLLAPSED AND BLOCKED WITH HEAVY DEBRIS. WITH RAIN IN THE FORECAST, THE SURROUNDING RESIDENTIAL AREA IS AT HIGH RISK OF FLOODING. IMMEDIATE INTERVENTION REQUIRED. LIVES AND PROPERTY ARE AT RISK NEAR A SENSITIVE AREA. PLEASE DISPATCH EMERGENCY MUNICIPAL CREWS NOW.",submitted,2025-10-28T00:00:00,Houston,TX,USA,29.75848824719363,-95.37419920355748,Drainage Authority,,critical,9.82,10,10,47
RPT-785502,water_leakage,"Small leak from the hydrant, wasting gallons of water.",submitted,2025-05-08T00:00:00,Phoenix,AZ,USA,33.412538152637445,-112.10190020018686,Water Department,,medium,5.98,7,2,43
RPT-984604,water_leakage,"URGENT: A significant water leak near the school entrance is creating a large, slippery pond. It's wasting city resources and making it hard for kids to get to class. This situation is impacting hundreds of people on this main road and requires a crew immediately. It's becoming a major liability for the city.",submitted,2025-06-17T00:00:00,Houston,TX,USA,29.76165821487239,-95.36917231642111,Water Department,,high,7.84,7,8,44
RPT-147309,noise,"URGENT: Constant, high-decibel industrial humming coming from the site next to the apartment complex. It’s been ongoing for 48 hours and is causing severe sleep deprivation. This situation is impacting hundreds of people on this main road and requires a crew immediately. It's becoming a major liability for the city.",submitted,2025-12-27T00:00:00,Houston,TX,USA,29.76342876735965,-95.37477488103964,Public Safety,,high,7.82,8,8,37
RPT-999522,streetlight,"Streetlight hasn't been working for weeks, street is pitch black.",in-progress,2025-08-06T00:00:00,New York,NY,USA,40.75818048406339,-74.01302427533336,Electrical Department,,low,3.1,1,2,35
RPT-706438,streetlight,URGENT: The entire block's streetlights are out near the hospital parking zone. It feels extremely unsafe for the night shift staff walking to their vehicles. This situation is impacting hundreds of people on this main road and requires a crew immediately. It's becoming a major liability for the city.,submitted,2026-03-16T00:00:00,Chicago,IL,USA,41.8781428147434,-87.62667913042408,Electrical Department,,high,8.36,8,9,41
RPT-953043,water_leakage,"URGENT: A significant water leak near the school entrance is creating a large, slippery pond. It's wasting city resources and making it hard for kids to get to class. This situation is impacting hundreds of people on this main road and requires a crew immediately. It's becoming a major liability for the city.",submitted,2025-10-17T00:00:00,New York,NY,USA,40.71550350135584,-74.00490849713383,Water Department,,high,8.26,7,9,46
RPT-341384,garbage,EMERGENCY: ILLEGAL DUMPING AT THE COMMERCIAL INTERSECTION IS BLOCKING THE PEDESTRIAN CROSSING. IT'S A HEALTH HAZARD AND COMPLETELY UNSIGHTLY FOR LOCAL BUSINESS OWNERS. IMMEDIATE INTERVENTION REQUIRED. LIVES AND PROPERTY ARE AT RISK NEAR A SENSITIVE AREA. PLEASE DISPATCH EMERGENCY MUNICIPAL CREWS NOW.,submitted,2025-11-18T00:00:00,Phoenix,AZ,USA,33.444075998998386,-112.07736129542783,Sanitation,,critical,9.58,10,9,48
RPT-632780,noise,Loud music from the neighbor's party is rattling my windows.,resolved,2025-10-16T00:00:00,New York,NY,USA,40.70242623586978,-74.02063901084938,Public Safety,2025-10-26T00:00:00,medium,6.72,6,7,37
RPT-555077,noise,It's really frustrating that there is loud construction noise occurring well past midnight.  This needs immediate attention.,submitted,2025-11-12T19:27:31.181356,Houston,TX,USA,29.766324650774138,-95.35766592020602,Public Safety,,medium,5.08,4,3,43
RPT-795378,illegal_parking,"URGENT: Multiple vehicles are double-parked along the main commercial strip, forcing buses to stop in the middle of the road and creating a total traffic deadlock. This situation is impacting hundreds of people on this main road and requires a crew immediately. It's becoming a major liability for the city.",submitted,2025-11-07T00:00:00,New York,NY,USA,40.71227195132103,-74.0100549402719,Traffic Department,,high,7.36,7,9,31
RPT-918805,garbage,Illegal dumping in the alleyway behind our building.,in-progress,2025-02-20T00:00:00,Houston,TX,USA,29.77057275127697,-95.38894798073729,Sanitation,,medium,4.68,3,6,28
RPT-461124,pothole,Small but sharp pothole that is definitely going to pop someone's tire. Could we get this filled quickly?,submitted,2025-04-27T00:00:00,New York,NY,USA,40.74516517809846,-74.00012322648246,Roads & Highways,,high,7.36,7,6,46
RPT-231549,noise,Construction crew is starting their work at 5 AM. It is way too loud and violating city ordinances.,submitted,2026-01-06T00:00:00,New York,NY,USA,40.70121265762096,-74.02239010868844,Public Safety,,medium,5.62,4,10,17
RPT-389752,noise,"URGENT: Constant, high-decibel industrial humming coming from the site next to the apartment complex. It’s been ongoing for 48 hours and is causing severe sleep deprivation. This situation is impacting hundreds of people on this main road and requires a crew immediately. It's becoming a major liability for the city.",submitted,2025-12-13T00:00:00,Los Angeles,CA,USA,34.0516548019223,-118.24783437534002,Public Safety,,high,8.36,8,8,46
RPT-862477,illegal-dumping,Dumped paint cans in vacant yard.,resolved,2023-09-14T11:27:00,Louisville,KY,USA,38.2531,-85.7516,Waste Management,2023-09-16T13:02:00,low,3.96,3,8,6
RPT-137486,garbage,EMERGENCY: ILLEGAL DUMPING AT THE COMMERCIAL INTERSECTION IS BLOCKING THE PEDESTRIAN CROSSING. IT'S A HEALTH HAZARD AND COMPLETELY UNSIGHTLY FOR LOCAL BUSINESS OWNERS. IMMEDIATE INTERVENTION REQUIRED. LIVES AND PROPERTY ARE AT RISK NEAR A SENSITIVE AREA. PLEASE DISPATCH EMERGENCY MUNICIPAL CREWS NOW.,submitted,2025-10-02T00:00:00,Chicago,IL,USA,41.875191533404085,-87.6330038438015,Sanitation,,critical,9.7,10,10,45
RPT-694328,illegal-dumping,Old appliances dumped in alley behind 4th St apartments.,in-progress,2024-06-13T13:17:00,Livingston,New Jersey,USA,40.7856,-74.3141,Sanitation,,medium,4.94,2,7,34
RPT-382660,drainage,"Water pooling on the curb, not draining into the storm sewer.",resolved,2025-10-16T00:00:00,Houston,TX,USA,29.722027218400445,-95.39964222059008,Drainage Authority,2025-10-23T00:00:00,medium,6.34,1,10,49
RPT-113213,pothole,Pothole is getting worse every time it rains. It's deep and causing cars to swerve into oncoming traffic.,in-progress,2025-04-26T20:38:18.158373,Phoenix,AZ,USA,33.45604833110739,-112.06571348661132,Roads & Highways,,critical,9.0,9,8,50
RPT-173159,illegal_parking,"Truck parked in a no-parking zone, blocking visibility for turns.",submitted,2025-04-24T00:00:00,New York,NY,USA,40.668705930555966,-74.04559535243789,Traffic Department,,high,7.62,9,8,27
RPT-625741,drainage,"Whenever it rains, the water pools up halfway across the street because the drain isn't catching anything.",in-progress,2026-03-17T00:00:00,Chicago,IL,USA,41.85108091690344,-87.62636788916836,Drainage Authority,,low,3.36,3,2,26
RPT-283866,garbage,EMERGENCY: ILLEGAL DUMPING AT THE COMMERCIAL INTERSECTION IS BLOCKING THE PEDESTRIAN CROSSING. IT'S A HEALTH HAZARD AND COMPLETELY UNSIGHTLY FOR LOCAL BUSINESS OWNERS. IMMEDIATE INTERVENTION REQUIRED. LIVES AND PROPERTY ARE AT RISK NEAR A SENSITIVE AREA. PLEASE DISPATCH EMERGENCY MUNICIPAL CREWS NOW.,submitted,2025-11-10T00:00:00,New York,NY,USA,40.71748709818564,-74.00439477229989,Sanitation,,critical,9.52,10,9,47
RPT-655661,noise,Please look into excessive music volume is coming from the apartment upstairs.  I'm concerned about safety here.,resolved,2026-01-15T19:27:31.180604,Houston,TX,USA,29.772724855915737,-95.35433843204116,Public Safety,2026-01-25T19:27:31.180604,medium,5.08,4,8,18
RPT-419664,water-leak,Water leaking from hydrant at the corner of 7th St and Willow Ave.,closed,2024-06-05T15:08:00,Montclair,New Jersey,USA,40.8259,-74.209,Waterworks,2024-06-10T13:41:00,medium,4.54,1,7,34
RPT-441627,illegal_parking,"EMERGENCY: MULTIPLE VEHICLES ARE DOUBLE-PARKED ALONG THE MAIN COMMERCIAL STRIP, FORCING BUSES TO STOP IN THE MIDDLE OF THE ROAD AND CREATING A TOTAL TRAFFIC DEADLOCK. IMMEDIATE INTERVENTION REQUIRED. LIVES AND PROPERTY ARE AT RISK NEAR A SENSITIVE AREA. PLEASE DISPATCH EMERGENCY MUNICIPAL CREWS NOW.",submitted,2025-07-11T00:00:00,Phoenix,AZ,USA,33.450361616171634,-112.07155890473588,Traffic Department,,critical,9.06,9,9,46
RPT-288252,water_leakage,"EMERGENCY: A SIGNIFICANT WATER LEAK NEAR THE SCHOOL ENTRANCE IS CREATING A LARGE, SLIPPERY POND. IT'S WASTING CITY RESOURCES AND MAKING IT HARD FOR KIDS TO GET TO CLASS. IMMEDIATE INTERVENTION REQUIRED. LIVES AND PROPERTY ARE AT RISK NEAR A SENSITIVE AREA. PLEASE DISPATCH EMERGENCY MUNICIPAL CREWS NOW.",submitted,2025-11-18T00:00:00,Chicago,IL,USA,41.880165474217065,-87.63043426159486,Water Department,,critical,9.7,10,10,45
RPT-513475,water_leakage,"Low water pressure all day, and I see water pooling near the curb. Please investigate.",submitted,2025-05-10T20:38:18.156626,Houston,TX,USA,29.7618857453442,-95.3646242260618,Water Department,,medium,5.64,9,4,14
RPT-894867,pothole,EMERGENCY: THE POTHOLE ON THE MAIN ROAD IS GETTING DEEPER AND I'VE SEEN THREE CARS SWERVE INTO THE OPPOSITE LANE TO AVOID IT TODAY. IT'S A SIGNIFICANT SAFETY RISK DURING RUSH HOUR. IMMEDIATE INTERVENTION REQUIRED. LIVES AND PROPERTY ARE AT RISK NEAR A SENSITIVE AREA. PLEASE DISPATCH EMERGENCY MUNICIPAL CREWS NOW.,submitted,2025-11-27T00:00:00,Phoenix,AZ,USA,33.44940356288249,-112.07248249612896,Roads & Highways,,critical,9.7,10,10,45
RPT-227787,drainage,Sewer smell is backing up into the street. The drainage system definitely needs a cleaning.,in-progress,2025-07-22T20:38:18.157616,New York,NY,USA,40.71622033682034,-74.00593587622062,Drainage Authority,,medium,5.84,5,7,29
RPT-578182,drainage,Water isn't draining at all after the storm. There's a massive pool in front of the school entrance.,resolved,2026-02-14T00:00:00,Chicago,IL,USA,41.83278872969035,-87.57217860862168,Drainage Authority,2026-02-19T00:00:00,high,7.02,6,8,37
RPT-749431,illegal-dumping,Dumped tires and construction debris on the vacant lot behind 300 Lincoln Blvd.,submitted,2024-06-06T17:16:00,Plainfield,New Jersey,USA,40.6337,-74.4284,Sanitation,,medium,4.86,3,3,46
RPT-341752,illegal_parking,Please look into a vehicle is parked right in front of the fire hydrant.  I'm concerned about safety here.,resolved,2025-12-06T19:27:31.182325,New York,NY,USA,40.72129907010745,-73.99496944484345,Traffic Department,2025-12-11T19:27:31.182325,medium,6.58,10,6,13
RPT-114586,noise,Constant hum/machinery noise from the nearby site. Very intrusive.,submitted,2025-08-25T19:29:14.031137,Houston,TX,USA,29.763672271587843,-95.37877761162352,Public Safety,,low,3.76,4,6,6
RPT-612177,streetlight,URGENT: The entire block's streetlights are out near the hospital parking zone. It feels extremely unsafe for the night shift staff walking to their vehicles. This situation is impacting hundreds of people on this main road and requires a crew immediately. It's becoming a major liability for the city.,submitted,2025-06-05T00:00:00,New York,NY,USA,40.70895756096211,-74.0072068385086,Electrical Department,,high,8.42,8,8,47
RPT-857089,garbage,Garbage bins missing from designated pickup spot.,submitted,2023-08-28T06:35:00,Chicago,IL,USA,41.9746,-87.6882,Sanitation,,low,3.36,3,7,1
RPT-448107,pothole,"Pothole forming near curb, dangerous for cyclists.",in-progress,2024-03-14T12:48:00,San Jose,California,USA,37.3131,-121.8543,Public Works,,high,7.72,10,3,47
RPT-348017,water_leakage,"URGENT: A significant water leak near the school entrance is creating a large, slippery pond. It's wasting city resources and making it hard for kids to get to class. This situation is impacting hundreds of people on this main road and requires a crew immediately. It's becoming a major liability for the city.",submitted,2026-01-06T00:00:00,Chicago,IL,USA,41.87979876407938,-87.62961706218957,Water Department,,high,7.52,8,8,32
RPT-126023,pothole,EMERGENCY: THE POTHOLE ON THE MAIN ROAD IS GETTING DEEPER AND I'VE SEEN THREE CARS SWERVE INTO THE OPPOSITE LANE TO AVOID IT TODAY. IT'S A SIGNIFICANT SAFETY RISK DURING RUSH HOUR. IMMEDIATE INTERVENTION REQUIRED. LIVES AND PROPERTY ARE AT RISK NEAR A SENSITIVE AREA. PLEASE DISPATCH EMERGENCY MUNICIPAL CREWS NOW.,submitted,2025-07-17T00:00:00,New York,NY,USA,40.71779318914504,-74.00262791294861,Roads & Highways,,critical,9.64,10,9,49
RPT-196002,drainage,"URGENT: The storm drain is partially collapsed and blocked with heavy debris. With rain in the forecast, the surrounding residential area is at high risk of flooding. This situation is impacting hundreds of people on this main road and requires a crew immediately. It's becoming a major liability for the city.",submitted,2026-02-05T00:00:00,New York,NY,USA,40.71319305752438,-74.00869876623818,Drainage Authority,,high,7.06,7,8,31
RPT-579035,water_leakage,"I wanted to report that significant water pooling is occurring, possibly a burst pipe.  I'm concerned about safety here.",in-progress,2026-03-21T19:27:31.182606,Chicago,IL,USA,41.86330849797604,-87.61485380815834,Water Department,,low,3.3,3,4,15
RPT-311764,garbage,Garbage bags left on street after collection day.,submitted,2024-03-11T16:32:00,Oakland,California,USA,37.8073,-122.2657,Sanitation,,medium,5.88,3,7,43
RPT-504384,garbage,There is a serious issue with garbage collection seems to have been missed this week.  It's creating an eyesore for the neighborhood.,submitted,2025-08-21T19:27:31.183913,Los Angeles,CA,USA,34.054509421845744,-118.2616901639725,Sanitation,,medium,5.76,9,6,6
RPT-420432,garbage,Someone left a pile of old furniture and bags of debris on the corner. It's been there for three days now.,resolved,2025-12-15T00:00:00,Phoenix,AZ,USA,33.41119502763195,-112.06256966337776,Sanitation,2025-12-24T00:00:00,medium,6.2,8,8,10
RPT-355136,garbage,"Public park bins are stuffed, litter is everywhere.",submitted,2025-12-07T00:00:00,Houston,TX,USA,29.80140473496991,-95.33694079093674,Sanitation,,medium,6.26,5,10,21
RPT-859717,drainage,"EMERGENCY: THE STORM DRAIN IS PARTIALLY COLLAPSED AND BLOCKED WITH HEAVY DEBRIS. WITH RAIN IN THE FORECAST, THE SURROUNDING RESIDENTIAL AREA IS AT HIGH RISK OF FLOODING. IMMEDIATE INTERVENTION REQUIRED. LIVES AND PROPERTY ARE AT RISK NEAR A SENSITIVE AREA. PLEASE DISPATCH EMERGENCY MUNICIPAL CREWS NOW.",submitted,2026-03-20T00:00:00,Phoenix,AZ,USA,33.44551051270916,-112.07226848948632,Drainage Authority,,critical,9.88,10,10,48
RPT-511233,drainage,"URGENT: The storm drain is partially collapsed and blocked with heavy debris. With rain in the forecast, the surrounding residential area is at high risk of flooding. This situation is impacting hundreds of people on this main road and requires a crew immediately. It's becoming a major liability for the city.",submitted,2025-09-30T00:00:00,Chicago,IL,USA,41.87852280236184,-87.62869937404623,Drainage Authority,,high,7.78,7,7,48
RPT-818733,streetlight,Streetlight at the north end of Elm St not working for over a week.,in-progress,2024-06-16T21:10:00,Paterson,New Jersey,USA,40.9168,-74.1718,Electrical,,medium,5.58,6,7,18
RPT-212192,water_leakage,"EMERGENCY: A SIGNIFICANT WATER LEAK NEAR THE SCHOOL ENTRANCE IS CREATING A LARGE, SLIPPERY POND. IT'S WASTING CITY RESOURCES AND MAKING IT HARD FOR KIDS TO GET TO CLASS. IMMEDIATE INTERVENTION REQUIRED. LIVES AND PROPERTY ARE AT RISK NEAR A SENSITIVE AREA. PLEASE DISPATCH EMERGENCY MUNICIPAL CREWS NOW.",submitted,2026-01-23T00:00:00,New York,NY,USA,40.71155186184591,-74.0102150006235,Water Department,,critical,10.0,10,10,50
RPT-697582,graffiti,"Graffiti on the wall of the public library, unsightly for visitors.",closed,2023-08-21T11:11:00,Chicago,IL,USA,41.8763,-87.6281,Community Services,2023-08-23T16:10:00,medium,4.76,2,7,31
RPT-684432,drainage,"EMERGENCY: THE STORM DRAIN IS PARTIALLY COLLAPSED AND BLOCKED WITH HEAVY DEBRIS. WITH RAIN IN THE FORECAST, THE SURROUNDING RESIDENTIAL AREA IS AT HIGH RISK OF FLOODING. IMMEDIATE INTERVENTION REQUIRED. LIVES AND PROPERTY ARE AT RISK NEAR A SENSITIVE AREA. PLEASE DISPATCH EMERGENCY MUNICIPAL CREWS NOW.",submitted,2025-07-17T00:00:00,New York,NY,USA,40.7105692463083,-74.00839927852901,Drainage Authority,,critical,9.46,10,9,46
RPT-880894,drainage,Water isn't draining at all after the storm. There's a massive pool in front of the school entrance.,resolved,2025-04-29T00:00:00,Phoenix,AZ,USA,33.443342123115514,-112.08648066136156,Drainage Authority,2025-05-01T00:00:00,medium,6.52,10,3,27
RPT-966505,illegal_parking,"URGENT: Multiple vehicles are double-parked along the main commercial strip, forcing buses to stop in the middle of the road and creating a total traffic deadlock. This situation is impacting hundreds of people on this main road and requires a crew immediately. It's becoming a major liability for the city.",submitted,2025-11-08T00:00:00,Los Angeles,CA,USA,34.04969991194831,-118.24177984706752,Traffic Department,,high,7.76,8,7,41
RPT-512983,illegal_parking,"URGENT: Multiple vehicles are double-parked along the main commercial strip, forcing buses to stop in the middle of the road and creating a total traffic deadlock. This situation is impacting hundreds of people on this main road and requires a crew immediately. It's becoming a major liability for the city.",submitted,2025-06-01T00:00:00,Los Angeles,CA,USA,34.0548171278087,-118.2400957472482,Traffic Department,,high,8.12,8,7,47
RPT-227140,streetlight,"Streetlight hasn't been working for weeks, street is pitch black.",submitted,2025-04-17T00:00:00,Phoenix,AZ,USA,33.47844979078383,-112.1016649575592,Electrical Department,,high,8.26,10,6,41
RPT-709367,illegal_parking,"Car parked in front of the driveway, blocking me in.",in-progress,2025-12-05T00:00:00,New York,NY,USA,40.70231524448942,-73.98333097572102,Traffic Department,,medium,5.78,2,10,33
RPT-169126,noise,"URGENT: Constant, high-decibel industrial humming coming from the site next to the apartment complex. It’s been ongoing for 48 hours and is causing severe sleep deprivation. This situation is impacting hundreds of people on this main road and requires a crew immediately. It's becoming a major liability for the city.",submitted,2025-12-18T00:00:00,Los Angeles,CA,USA,34.05662050510479,-118.24787282599848,Public Safety,,high,8.18,8,8,43
RPT-670543,pothole,Road surface failure creating a sharp pothole. Please fix.,in-progress,2026-01-22T19:29:14.032307,New York,NY,USA,40.71468506928906,-74.00799734019242,Roads & Highways,,low,3.54,3,6,9
RPT-857254,garbage,URGENT: Illegal dumping at the commercial intersection is blocking the pedestrian crossing. It's a health hazard and completely unsightly for local business owners. This situation is impacting hundreds of people on this main road and requires a crew immediately. It's becoming a major liability for the city.,submitted,2025-10-05T00:00:00,Phoenix,AZ,USA,33.44406877442217,-112.06937482755832,Sanitation,,high,7.06,7,8,31
RPT-805144,illegal_parking,"EMERGENCY: MULTIPLE VEHICLES ARE DOUBLE-PARKED ALONG THE MAIN COMMERCIAL STRIP, FORCING BUSES TO STOP IN THE MIDDLE OF THE ROAD AND CREATING A TOTAL TRAFFIC DEADLOCK. IMMEDIATE INTERVENTION REQUIRED. LIVES AND PROPERTY ARE AT RISK NEAR A SENSITIVE AREA. PLEASE DISPATCH EMERGENCY MUNICIPAL CREWS NOW.",submitted,2025-12-14T00:00:00,New York,NY,USA,40.71549522510792,-74.01036685249672,Traffic Department,,critical,9.36,9,10,46
RPT-391614,garbage,Trash bags left scattered on crosswalk over the weekend.,in-progress,2024-06-18T11:24:00,Fort Lee,New Jersey,USA,40.8509,-73.9708,Sanitation,,low,1.12,1,2,2
RPT-995388,water_leakage,"URGENT: A significant water leak near the school entrance is creating a large, slippery pond. It's wasting city resources and making it hard for kids to get to class. This situation is impacting hundreds of people on this main road and requires a crew immediately. It's becoming a major liability for the city.",submitted,2025-06-15T00:00:00,Houston,TX,USA,29.758671774431026,-95.36991866900318,Water Department,,high,8.02,7,9,42
RPT-891087,water_leakage,Water pooling in the basement/street level. Possible pipe burst underground.,resolved,2025-09-23T19:29:14.032385,Los Angeles,CA,USA,34.05468405456218,-118.25312692559795,Water Department,2025-09-30T19:29:14.032385,low,3.76,4,4,16
RPT-289794,drainage,"Whenever it rains, the water pools up halfway across the street because the drain isn't catching anything.",in-progress,2025-07-05T00:00:00,New York,NY,USA,40.72832276446961,-73.95801350470117,Drainage Authority,,medium,4.68,3,6,28
RPT-643826,streetlight,Light is flickering constantly. Very annoying and distracting.,in-progress,2025-10-28T19:29:14.031755,New York,NY,USA,40.70345166943412,-73.9980286040119,Electrical Department,,medium,4.12,1,4,42
RPT-389923,noise,Loud music from the neighbor's party is rattling my windows.,submitted,2025-04-09T00:00:00,Houston,TX,USA,29.78753015262144,-95.34147575659009,Public Safety,,medium,6.8,2,10,50
RPT-948490,garbage,"Trash overflowing from the bins, attracting pests and smells.",in-progress,2025-02-10T00:00:00,New York,NY,USA,40.66039298741833,-73.98500959846756,Sanitation,,low,3.16,4,3,11
RPT-650146,pothole,EMERGENCY: THE POTHOLE ON THE MAIN ROAD IS GETTING DEEPER AND I'VE SEEN THREE CARS SWERVE INTO THE OPPOSITE LANE TO AVOID IT TODAY. IT'S A SIGNIFICANT SAFETY RISK DURING RUSH HOUR. IMMEDIATE INTERVENTION REQUIRED. LIVES AND PROPERTY ARE AT RISK NEAR A SENSITIVE AREA. PLEASE DISPATCH EMERGENCY MUNICIPAL CREWS NOW.,submitted,2026-02-18T00:00:00,Los Angeles,CA,USA,34.04906315761678,-118.23889226728004,Roads & Highways,,critical,9.64,10,9,49
RPT-192533,streetlight,Streetlight pole leaning dangerously after recent storm.,in-progress,2024-03-15T20:16:00,San Diego,California,USA,32.7924,-117.1062,Electrical Services,,medium,5.16,9,2,16
RPT-138868,noise,Construction noise is going on well past midnight.,in-progress,2025-10-02T00:00:00,Houston,TX,USA,29.77165262942142,-95.36572264356126,Public Safety,,low,3.16,1,2,36
RPT-969644,illegal_parking,"URGENT: Multiple vehicles are double-parked along the main commercial strip, forcing buses to stop in the middle of the road and creating a total traffic deadlock. This situation is impacting hundreds of people on this main road and requires a crew immediately. It's becoming a major liability for the city.",submitted,2026-03-31T00:00:00,Los Angeles,CA,USA,34.05072273339589,-118.24858743854566,Traffic Department,,high,7.24,7,7,39
RPT-734131,streetlight,EMERGENCY: THE ENTIRE BLOCK'S STREETLIGHTS ARE OUT NEAR THE HOSPITAL PARKING ZONE. IT FEELS EXTREMELY UNSAFE FOR THE NIGHT SHIFT STAFF WALKING TO THEIR VEHICLES. IMMEDIATE INTERVENTION REQUIRED. LIVES AND PROPERTY ARE AT RISK NEAR A SENSITIVE AREA. PLEASE DISPATCH EMERGENCY MUNICIPAL CREWS NOW.,submitted,2025-10-04T00:00:00,Los Angeles,CA,USA,34.052608269612875,-118.24132403591985,Electrical Department,,critical,9.18,9,9,48
RPT-100717,streetlight,"Streetlight hasn't been working for weeks, street is pitch black.",resolved,2025-06-15T00:00:00,New York,NY,USA,40.75136776728416,-74.03116163926157,Electrical Department,2025-06-16T00:00:00,medium,6.6,6,7,35
RPT-426117,noise,Noise from traffic in tunnel exacerbated by ongoing construction.,closed,2024-03-08T19:43:00,Los Angeles,California,USA,34.1015,-118.3081,Code Enforcement,2024-03-13T08:02:00,low,2.2,1,2,20
RPT-791506,water_leakage,"URGENT: A significant water leak near the school entrance is creating a large, slippery pond. It's wasting city resources and making it hard for kids to get to class. This situation is impacting hundreds of people on this main road and requires a crew immediately. It's becoming a major liability for the city.",submitted,2025-12-20T00:00:00,Chicago,IL,USA,41.87899459967043,-87.62758999993773,Water Department,,high,7.96,7,8,46
RPT-675500,garbage,I wanted to report that garbage collection seems to have been missed this week.  Please address this as soon as possible.,in-progress,2025-09-19T19:27:31.183312,Los Angeles,CA,USA,34.032573742679574,-118.22370655226617,Sanitation,,low,1.48,1,1,13
RPT-822897,illegal_parking,"Please look into a vehicle is blocking the sidewalk, forcing pedestrians into the street.  This needs immediate attention.",resolved,2025-10-07T19:27:31.183787,Phoenix,AZ,USA,33.46535260372291,-112.09361839413026,Traffic Department,2025-10-08T19:27:31.183787,low,2.54,2,4,9
RPT-670022,noise,"EMERGENCY: CONSTANT, HIGH-DECIBEL INDUSTRIAL HUMMING COMING FROM THE SITE NEXT TO THE APARTMENT COMPLEX. IT’S BEEN ONGOING FOR 48 HOURS AND IS CAUSING SEVERE SLEEP DEPRIVATION. IMMEDIATE INTERVENTION REQUIRED. LIVES AND PROPERTY ARE AT RISK NEAR A SENSITIVE AREA. PLEASE DISPATCH EMERGENCY MUNICIPAL CREWS NOW.",submitted,2026-04-07T00:00:00,Los Angeles,CA,USA,34.048652560206364,-118.24101004335829,Public Safety,,critical,9.3,9,9,50
RPT-854493,water_leakage,Water is bubbling up through the cracks in the sidewalk. It's been like this since yesterday morning.,submitted,2025-07-24T00:00:00,Phoenix,AZ,USA,33.44679102308757,-112.04958136081228,Water Department,,medium,5.44,7,5,19
RPT-463225,illegal_parking,"Car parked in front of the driveway, blocking me in.",resolved,2025-12-24T00:00:00,Houston,TX,USA,29.71318302318743,-95.3211825866666,Traffic Department,2025-12-30T00:00:00,medium,6.44,8,4,34
RPT-367059,illegal_parking,"Truck parked in a no-parking zone, blocking visibility for turns.",resolved,2025-07-22T00:00:00,Houston,TX,USA,29.73266735670024,-95.36746608014607,Traffic Department,2025-07-30T00:00:00,low,1.84,1,3,9
RPT-992807,water_leakage,"I've noticed that significant water pooling is occurring, possibly a burst pipe.  This has been happening for a while now.",submitted,2026-02-05T19:27:31.180426,New York,NY,USA,40.713174012450736,-74.01242719399683,Water Department,,medium,4.54,1,10,19
RPT-644965,water_leakage,Water is bubbling up through the cracks in the sidewalk. It's been like this since yesterday morning.,resolved,2026-01-11T00:00:00,Houston,TX,USA,29.74484293992726,-95.38842099484776,Water Department,2026-01-21T00:00:00,medium,5.46,3,6,41
RPT-734164,water_leakage,"URGENT: A significant water leak near the school entrance is creating a large, slippery pond. It's wasting city resources and making it hard for kids to get to class. This situation is impacting hundreds of people on this main road and requires a crew immediately. It's becoming a major liability for the city.",submitted,2025-11-05T00:00:00,Chicago,IL,USA,41.87647992663555,-87.63059524942516,Water Department,,high,8.06,8,9,36
RPT-869131,drainage,There is a serious issue with there is standing water near the curb due to drainage issues.  I'm concerned about safety here.,in-progress,2025-12-13T19:27:31.182067,Los Angeles,CA,USA,34.036755106315816,-118.23958658983504,Drainage Authority,,high,7.0,10,2,40
RPT-968118,garbage,The recycling bin is broken and trash is spilling out onto the street. Needs a pickup and a replacement bin.,submitted,2025-06-11T00:00:00,Chicago,IL,USA,41.82676313428397,-87.62102942227787,Sanitation,,high,7.14,9,6,29
RPT-785555,illegal_parking,"EMERGENCY: MULTIPLE VEHICLES ARE DOUBLE-PARKED ALONG THE MAIN COMMERCIAL STRIP, FORCING BUSES TO STOP IN THE MIDDLE OF THE ROAD AND CREATING A TOTAL TRAFFIC DEADLOCK. IMMEDIATE INTERVENTION REQUIRED. LIVES AND PROPERTY ARE AT RISK NEAR A SENSITIVE AREA. PLEASE DISPATCH EMERGENCY MUNICIPAL CREWS NOW.",submitted,2025-10-20T00:00:00,Los Angeles,CA,USA,34.05431785713856,-118.24748349134308,Traffic Department,,critical,9.48,9,10,48
RPT-748874,garbage,EMERGENCY: ILLEGAL DUMPING AT THE COMMERCIAL INTERSECTION IS BLOCKING THE PEDESTRIAN CROSSING. IT'S A HEALTH HAZARD AND COMPLETELY UNSIGHTLY FOR LOCAL BUSINESS OWNERS. IMMEDIATE INTERVENTION REQUIRED. LIVES AND PROPERTY ARE AT RISK NEAR A SENSITIVE AREA. PLEASE DISPATCH EMERGENCY MUNICIPAL CREWS NOW.,submitted,2025-09-16T00:00:00,New York,NY,USA,40.70907772345665,-74.00452006449123,Sanitation,,critical,9.24,9,9,49
RPT-330425,pothole,EMERGENCY: THE POTHOLE ON THE MAIN ROAD IS GETTING DEEPER AND I'VE SEEN THREE CARS SWERVE INTO THE OPPOSITE LANE TO AVOID IT TODAY. IT'S A SIGNIFICANT SAFETY RISK DURING RUSH HOUR. IMMEDIATE INTERVENTION REQUIRED. LIVES AND PROPERTY ARE AT RISK NEAR A SENSITIVE AREA. PLEASE DISPATCH EMERGENCY MUNICIPAL CREWS NOW.,submitted,2026-01-04T00:00:00,Houston,TX,USA,29.764617000254077,-95.36938039400854,Roads & Highways,,critical,9.7,10,10,45
RPT-729450,garbage,EMERGENCY: ILLEGAL DUMPING AT THE COMMERCIAL INTERSECTION IS BLOCKING THE PEDESTRIAN CROSSING. IT'S A HEALTH HAZARD AND COMPLETELY UNSIGHTLY FOR LOCAL BUSINESS OWNERS. IMMEDIATE INTERVENTION REQUIRED. LIVES AND PROPERTY ARE AT RISK NEAR A SENSITIVE AREA. PLEASE DISPATCH EMERGENCY MUNICIPAL CREWS NOW.,submitted,2025-11-05T00:00:00,Chicago,IL,USA,41.87884362576489,-87.63068673903382,Sanitation,,critical,9.18,9,9,48
RPT-910563,illegal_parking,Illegal parking right up against the fire hydrant. This is a huge safety violation.,submitted,2025-06-15T20:38:18.158333,Phoenix,AZ,USA,33.45299721781019,-112.06444622220688,Traffic Department,,medium,4.1,2,4,35
RPT-670397,garbage,Illegal dumping in the alleyway behind our building.,submitted,2025-04-24T00:00:00,Phoenix,AZ,USA,33.43686712402862,-112.03765974668867,Sanitation,,low,3.76,7,3,1
RPT-395282,noise,Noise from air conditioning units running day and night.,in-progress,2024-03-14T21:16:00,Santa Clara,California,USA,37.3528,-121.9638,Code Enforcement,,medium,4.58,2,3,48
RPT-756750,streetlight,Lamp post light is shattered and the wires are exposed. This is a serious electrical hazard.,submitted,2026-01-17T00:00:00,New York,NY,USA,40.71455777747576,-74.02707286450598,Electrical Department,,low,3.26,2,8,1
RPT-722950,water_leakage,"EMERGENCY: A SIGNIFICANT WATER LEAK NEAR THE SCHOOL ENTRANCE IS CREATING A LARGE, SLIPPERY POND. IT'S WASTING CITY RESOURCES AND MAKING IT HARD FOR KIDS TO GET TO CLASS. IMMEDIATE INTERVENTION REQUIRED. LIVES AND PROPERTY ARE AT RISK NEAR A SENSITIVE AREA. PLEASE DISPATCH EMERGENCY MUNICIPAL CREWS NOW.",submitted,2025-10-09T00:00:00,Chicago,IL,USA,41.87634219194984,-87.62923388967855,Water Department,,critical,9.58,10,9,48
RPT-604826,illegal_parking,"EMERGENCY: MULTIPLE VEHICLES ARE DOUBLE-PARKED ALONG THE MAIN COMMERCIAL STRIP, FORCING BUSES TO STOP IN THE MIDDLE OF THE ROAD AND CREATING A TOTAL TRAFFIC DEADLOCK. IMMEDIATE INTERVENTION REQUIRED. LIVES AND PROPERTY ARE AT RISK NEAR A SENSITIVE AREA. PLEASE DISPATCH EMERGENCY MUNICIPAL CREWS NOW.",submitted,2025-10-01T00:00:00,Chicago,IL,USA,41.87368466189816,-87.62651004844771,Traffic Department,,critical,9.3,9,9,50
RPT-248785,pothole,URGENT: The pothole on the main road is getting deeper and I've seen three cars swerve into the opposite lane to avoid it today. It's a significant safety risk during rush hour. This situation is impacting hundreds of people on this main road and requires a crew immediately. It's becoming a major liability for the city.,submitted,2026-03-08T00:00:00,Los Angeles,CA,USA,34.04840158936454,-118.23982595826386,Roads & Highways,,high,7.54,7,9,34
RPT-905622,water_leakage,"URGENT: A significant water leak near the school entrance is creating a large, slippery pond. It's wasting city resources and making it hard for kids to get to class. This situation is impacting hundreds of people on this main road and requires a crew immediately. It's becoming a major liability for the city.",submitted,2025-10-01T00:00:00,Houston,TX,USA,29.762992208806427,-95.37457325774272,Water Department,,high,7.58,8,8,33
RPT-897946,streetlight,EMERGENCY: THE ENTIRE BLOCK'S STREETLIGHTS ARE OUT NEAR THE HOSPITAL PARKING ZONE. IT FEELS EXTREMELY UNSAFE FOR THE NIGHT SHIFT STAFF WALKING TO THEIR VEHICLES. IMMEDIATE INTERVENTION REQUIRED. LIVES AND PROPERTY ARE AT RISK NEAR A SENSITIVE AREA. PLEASE DISPATCH EMERGENCY MUNICIPAL CREWS NOW.,submitted,2025-12-22T00:00:00,Los Angeles,CA,USA,34.054284424198805,-118.2457783873384,Electrical Department,,critical,10.0,10,10,50
RPT-400230,drainage,There is a serious issue with a large blockage in the storm drain is causing road safety concerns.  This needs immediate attention.,in-progress,2025-06-26T19:27:31.181059,New York,NY,USA,40.717691472584725,-74.00303495725493,Drainage Authority,,medium,6.88,10,1,43
RPT-333033,graffiti,"Graffiti on the side wall of the Eastside Library, visible from the main road.",submitted,2024-06-18T12:35:00,Passaic,New Jersey,USA,40.8568,-74.1285,Community Services,,low,1.84,1,2,14
RPT-155278,pothole,"Huge pothole right in the middle of the intersection, almost blew out my tire this morning. Needs immediate patching.",submitted,2025-08-01T20:38:18.156227,Phoenix,AZ,USA,33.458141151061405,-112.06872003620786,Roads & Highways,,medium,5.9,2,8,45
RPT-763489,water_leakage,"URGENT: A significant water leak near the school entrance is creating a large, slippery pond. It's wasting city resources and making it hard for kids to get to class. This situation is impacting hundreds of people on this main road and requires a crew immediately. It's becoming a major liability for the city.",submitted,2025-10-16T00:00:00,Chicago,IL,USA,41.87348349855134,-87.62883436986107,Water Department,,high,8.32,7,9,47
RPT-861366,illegal_parking,"EMERGENCY: MULTIPLE VEHICLES ARE DOUBLE-PARKED ALONG THE MAIN COMMERCIAL STRIP, FORCING BUSES TO STOP IN THE MIDDLE OF THE ROAD AND CREATING A TOTAL TRAFFIC DEADLOCK. IMMEDIATE INTERVENTION REQUIRED. LIVES AND PROPERTY ARE AT RISK NEAR A SENSITIVE AREA. PLEASE DISPATCH EMERGENCY MUNICIPAL CREWS NOW.",submitted,2026-02-21T00:00:00,Phoenix,AZ,USA,33.45292378993294,-112.0694056823515,Traffic Department,,critical,9.7,10,10,45
RPT-720060,illegal_parking,Car parked directly in front of my driveway. I have an appointment and cannot get my car out.,submitted,2026-01-11T20:38:18.159392,Phoenix,AZ,USA,33.45697255807583,-112.06585009511836,Traffic Department,,high,7.72,10,9,17
RPT-236345,noise,Noise from late-night music in park disturbing nearby residents.,submitted,2024-03-13T00:30:00,San Francisco,California,USA,37.7879,-122.4831,Event Management,,medium,6.18,3,7,48
RPT-396791,pothole,EMERGENCY: THE POTHOLE ON THE MAIN ROAD IS GETTING DEEPER AND I'VE SEEN THREE CARS SWERVE INTO THE OPPOSITE LANE TO AVOID IT TODAY. IT'S A SIGNIFICANT SAFETY RISK DURING RUSH HOUR. IMMEDIATE INTERVENTION REQUIRED. LIVES AND PROPERTY ARE AT RISK NEAR A SENSITIVE AREA. PLEASE DISPATCH EMERGENCY MUNICIPAL CREWS NOW.,submitted,2025-08-06T00:00:00,Los Angeles,CA,USA,34.05208845146776,-118.24856755891884,Roads & Highways,,critical,9.7,10,9,50
RPT-138912,illegal_parking,"EMERGENCY: MULTIPLE VEHICLES ARE DOUBLE-PARKED ALONG THE MAIN COMMERCIAL STRIP, FORCING BUSES TO STOP IN THE MIDDLE OF THE ROAD AND CREATING A TOTAL TRAFFIC DEADLOCK. IMMEDIATE INTERVENTION REQUIRED. LIVES AND PROPERTY ARE AT RISK NEAR A SENSITIVE AREA. PLEASE DISPATCH EMERGENCY MUNICIPAL CREWS NOW.",submitted,2026-03-25T00:00:00,Phoenix,AZ,USA,33.44885343496048,-112.07264981607533,Traffic Department,,critical,9.36,9,10,46
RPT-397126,garbage,Overflowing public bins at Maple Ave. Trash is being blown all over the sidewalk.,resolved,2026-02-10T19:29:14.033394,Houston,TX,USA,29.76204004213134,-95.36910965015802,Sanitation,2026-02-13T19:29:14.033394,medium,4.0,1,8,20
RPT-657293,pothole,EMERGENCY: THE POTHOLE ON THE MAIN ROAD IS GETTING DEEPER AND I'VE SEEN THREE CARS SWERVE INTO THE OPPOSITE LANE TO AVOID IT TODAY. IT'S A SIGNIFICANT SAFETY RISK DURING RUSH HOUR. IMMEDIATE INTERVENTION REQUIRED. LIVES AND PROPERTY ARE AT RISK NEAR A SENSITIVE AREA. PLEASE DISPATCH EMERGENCY MUNICIPAL CREWS NOW.,submitted,2025-12-27T00:00:00,New York,NY,USA,40.71409570151325,-74.00674674614685,Roads & Highways,,critical,9.06,9,9,46
RPT-649067,illegal_parking,"URGENT: Multiple vehicles are double-parked along the main commercial strip, forcing buses to stop in the middle of the road and creating a total traffic deadlock. This situation is impacting hundreds of people on this main road and requires a crew immediately. It's becoming a major liability for the city.",submitted,2026-02-25T00:00:00,New York,NY,USA,40.7149578228606,-74.01092969136316,Traffic Department,,high,7.48,7,8,38
RPT-814243,streetlight,Streetlight flickering intermittently near the bus stop.,in-progress,2024-06-01T20:18:00,New York,NY,USA,40.736,-73.978,Electrical Services,,medium,4.54,4,7,14
RPT-875831,illegal_parking,Please look into a vehicle is parked right in front of the fire hydrant.  Please address this as soon as possible.,resolved,2025-08-18T19:27:31.182817,Chicago,IL,USA,41.87064946238184,-87.64130342792886,Traffic Department,2025-08-25T19:27:31.182817,medium,6.48,9,4,28
RPT-683807,drainage,"EMERGENCY: THE STORM DRAIN IS PARTIALLY COLLAPSED AND BLOCKED WITH HEAVY DEBRIS. WITH RAIN IN THE FORECAST, THE SURROUNDING RESIDENTIAL AREA IS AT HIGH RISK OF FLOODING. IMMEDIATE INTERVENTION REQUIRED. LIVES AND PROPERTY ARE AT RISK NEAR A SENSITIVE AREA. PLEASE DISPATCH EMERGENCY MUNICIPAL CREWS NOW.",submitted,2025-07-23T00:00:00,Houston,TX,USA,29.76243461783564,-95.36519796965642,Drainage Authority,,critical,9.24,9,9,49
RPT-997369,water_leakage,Small leak coming from the hydrant area. It's wasting a lot of water and needs attention.,resolved,2025-04-26T00:00:00,New York,NY,USA,40.74190000252655,-74.0333474893788,Water Department,2025-05-05T00:00:00,low,3.64,1,2,44
RPT-233025,drainage,Water isn't draining at all after the storm. There's a massive pool in front of the school entrance.,resolved,2026-03-29T00:00:00,Houston,TX,USA,29.76604901769812,-95.35170817448918,Drainage Authority,2026-04-05T00:00:00,medium,6.96,6,8,36
RPT-734595,streetlight,URGENT: The entire block's streetlights are out near the hospital parking zone. It feels extremely unsafe for the night shift staff walking to their vehicles. This situation is impacting hundreds of people on this main road and requires a crew immediately. It's becoming a major liability for the city.,submitted,2026-03-15T00:00:00,Phoenix,AZ,USA,33.44376195112574,-112.0771780435851,Electrical Department,,high,7.46,8,7,36
RPT-880176,streetlight,The pole is leaning and the light is shattered.,submitted,2025-04-25T00:00:00,Houston,TX,USA,29.74376131360514,-95.37787996952528,Electrical Department,,medium,4.32,6,4,12
RPT-116103,water-leak,"Persistent water leak on sidewalk, making it slippery and hazardous.",in-progress,2023-07-13T11:18:00,Chicago,IL,USA,41.9189,-87.6684,Water Department,,medium,4.32,3,2,42
RPT-924094,streetlight,I wanted to report that the streetlight is flickering constantly and is very distracting.  This has been happening for a while now.,resolved,2025-05-26T19:27:31.181580,Houston,TX,USA,29.77522707995833,-95.36727609269091,Electrical Department,2025-05-29T19:27:31.181580,high,8.02,7,10,37
RPT-132353,garbage,Someone left a pile of old furniture and bags of debris on the corner. It's been there for three days now.,resolved,2025-06-22T00:00:00,Houston,TX,USA,29.730076613571693,-95.39480396219508,Sanitation,2025-06-28T00:00:00,high,7.18,10,8,13
RPT-402548,pothole,Pothole near school drop-off zone causing traffic delays.,resolved,2024-03-10T08:23:00,Oakland,California,USA,37.8327,-122.2625,Public Works,2024-03-12T09:41:00,medium,4.56,3,7,21
RPT-564999,streetlight,Streetlight knocked over by vehicle at the intersection of 7th Ave and Maple St.,resolved,2024-06-17T08:33:00,Roselle,New Jersey,USA,40.6523,-74.2601,Electrical,2024-06-18T16:15:00,medium,5.12,2,7,37
RPT-925173,water_leakage,Emergency: Water main break flooding the street.,submitted,2026-02-10T19:29:14.033053,New York,NY,USA,40.71298157784052,-74.01236075756896,Water Department,,medium,6.16,4,6,46
RPT-367790,drainage,"URGENT: The storm drain is partially collapsed and blocked with heavy debris. With rain in the forecast, the surrounding residential area is at high risk of flooding. This situation is impacting hundreds of people on this main road and requires a crew immediately. It's becoming a major liability for the city.",submitted,2026-02-23T00:00:00,Los Angeles,CA,USA,34.048370758622355,-118.24282511691288,Drainage Authority,,high,7.94,8,8,39
RPT-302643,noise,Noise from leaf blowers on Sunday mornings disrupting sleep.,resolved,2024-06-10T07:17:00,Maplewood,New Jersey,USA,40.7312,-74.2715,Noise Control,2024-06-12T11:32:00,medium,5.32,1,7,47
RPT-110391,streetlight,EMERGENCY: THE ENTIRE BLOCK'S STREETLIGHTS ARE OUT NEAR THE HOSPITAL PARKING ZONE. IT FEELS EXTREMELY UNSAFE FOR THE NIGHT SHIFT STAFF WALKING TO THEIR VEHICLES. IMMEDIATE INTERVENTION REQUIRED. LIVES AND PROPERTY ARE AT RISK NEAR A SENSITIVE AREA. PLEASE DISPATCH EMERGENCY MUNICIPAL CREWS NOW.,submitted,2025-05-31T00:00:00,Los Angeles,CA,USA,34.05197697573165,-118.24188161257528,Electrical Department,,critical,9.48,9,10,48
RPT-235550,garbage,I've noticed that litter is accumulating in the alleyway and creating a mess.  This has been happening for a while now.,resolved,2025-05-13T19:27:31.181622,Houston,TX,USA,29.773203461400477,-95.3874826602258,Sanitation,2025-05-14T19:27:31.181622,medium,4.28,2,7,23
RPT-309148,drainage,"URGENT: The storm drain is partially collapsed and blocked with heavy debris. With rain in the forecast, the surrounding residential area is at high risk of flooding. This situation is impacting hundreds of people on this main road and requires a crew immediately. It's becoming a major liability for the city.",submitted,2026-02-05T00:00:00,Phoenix,AZ,USA,33.45214654660836,-112.07365084481138,Drainage Authority,,high,7.9,7,9,40
RPT-564980,streetlight,EMERGENCY: THE ENTIRE BLOCK'S STREETLIGHTS ARE OUT NEAR THE HOSPITAL PARKING ZONE. IT FEELS EXTREMELY UNSAFE FOR THE NIGHT SHIFT STAFF WALKING TO THEIR VEHICLES. IMMEDIATE INTERVENTION REQUIRED. LIVES AND PROPERTY ARE AT RISK NEAR A SENSITIVE AREA. PLEASE DISPATCH EMERGENCY MUNICIPAL CREWS NOW.,submitted,2025-06-15T00:00:00,New York,NY,USA,40.71013242460411,-74.00285500005874,Electrical Department,,critical,9.42,9,10,47
RPT-501870,other,Broken traffic signal at the junction of 6th Ave and Park Blvd.,in-progress,2024-06-19T16:44:00,Teaneck,New Jersey,USA,40.888,-74.0111,Electrical,,low,3.92,5,5,7
RPT-741215,streetlight,Streetlight stays on 24/7. Huge waste of electricity.,submitted,2026-03-09T19:29:14.031535,Chicago,IL,USA,41.8831146456539,-87.62447476157699,Electrical Department,,low,3.88,1,2,48
RPT-570702,pothole,Series of small potholes forming on the curve of Park Ave.,closed,2024-06-01T08:26:00,Hackensack,New Jersey,USA,40.8892,-74.0419,Roads,2024-06-07T16:05:00,low,3.1,1,5,20
RPT-160511,garbage,My neighbors keep putting their trash out days before collection. The alley is becoming an eyesore and attracting stray cats.,resolved,2025-11-01T00:00:00,New York,NY,USA,40.71883279804688,-73.96997633404861,Sanitation,2025-11-06T00:00:00,medium,4.54,4,6,19
RPT-733161,garbage,EMERGENCY: ILLEGAL DUMPING AT THE COMMERCIAL INTERSECTION IS BLOCKING THE PEDESTRIAN CROSSING. IT'S A HEALTH HAZARD AND COMPLETELY UNSIGHTLY FOR LOCAL BUSINESS OWNERS. IMMEDIATE INTERVENTION REQUIRED. LIVES AND PROPERTY ARE AT RISK NEAR A SENSITIVE AREA. PLEASE DISPATCH EMERGENCY MUNICIPAL CREWS NOW.,submitted,2025-08-04T00:00:00,Chicago,IL,USA,41.87570809247315,-87.62620818045659,Sanitation,,critical,9.12,9,9,47
RPT-660559,drainage,"URGENT: The storm drain is partially collapsed and blocked with heavy debris. With rain in the forecast, the surrounding residential area is at high risk of flooding. This situation is impacting hundreds of people on this main road and requires a crew immediately. It's becoming a major liability for the city.",submitted,2025-08-18T00:00:00,Chicago,IL,USA,41.87639169514118,-87.62885549845117,Drainage Authority,,high,7.36,7,8,36
RPT-274117,streetlight,Lens cover is broken on the streetlight. Bulb is exposed.,in-progress,2025-04-26T19:29:14.032665,Houston,TX,USA,29.757047861357982,-95.3700052017625,Electrical Department,,medium,5.48,2,7,43
RPT-124444,water_leakage,"There is a serious issue with significant water pooling is occurring, possibly a burst pipe.  It's creating an eyesore for the neighborhood.",in-progress,2026-03-07T19:27:31.182482,Phoenix,AZ,USA,33.44443720507739,-112.09131919147433,Water Department,,critical,9.6,9,10,50
RPT-924421,water_leakage,"URGENT: A significant water leak near the school entrance is creating a large, slippery pond. It's wasting city resources and making it hard for kids to get to class. This situation is impacting hundreds of people on this main road and requires a crew immediately. It's becoming a major liability for the city.",submitted,2025-07-06T00:00:00,New York,NY,USA,40.71490237057906,-74.00406461518402,Water Department,,high,7.4,8,8,30
RPT-605115,streetlight,"Streetlight broken after car accident, sparking wires noticed.",in-progress,2024-03-12T02:42:00,Berkeley,California,USA,37.8715,-122.2653,Electrical Services,,medium,6.32,8,3,37
RPT-304435,other,Missing stop sign at intersection.,submitted,2024-03-12T17:28:00,San Jose,California,USA,37.3162,-121.9658,Traffic Department,,low,1.12,1,2,2
RPT-717707,drainage,Please look into the drainage system isn't working properly after the rain.  I'm concerned about safety here.,in-progress,2025-07-06T19:27:31.183430,Chicago,IL,USA,41.86720476978507,-87.64961199922548,Drainage Authority,,medium,4.34,2,7,24
RPT-673906,illegal_parking,Car parked on the sidewalk forcing pedestrians into the road.,resolved,2026-03-10T19:29:14.033136,Los Angeles,CA,USA,34.04859477684649,-118.24100822579746,Traffic Department,2026-03-14T19:29:14.033136,low,1.72,1,4,2
RPT-503362,water_leakage,Slight water seepage on the sidewalk. Persistent issue for weeks.,in-progress,2026-03-06T19:29:14.033345,Phoenix,AZ,USA,33.43942110880293,-112.07249934414315,Water Department,,medium,6.72,3,9,47
RPT-254779,garbage,Can someone please fix trash is overflowing from the public bins again.  This needs immediate attention.,submitted,2025-07-16T19:27:31.181292,Los Angeles,CA,USA,34.0623266570962,-118.22842741221837,Sanitation,,medium,4.84,7,6,4
RPT-105342,water_leakage,"EMERGENCY: A SIGNIFICANT WATER LEAK NEAR THE SCHOOL ENTRANCE IS CREATING A LARGE, SLIPPERY POND. IT'S WASTING CITY RESOURCES AND MAKING IT HARD FOR KIDS TO GET TO CLASS. IMMEDIATE INTERVENTION REQUIRED. LIVES AND PROPERTY ARE AT RISK NEAR A SENSITIVE AREA. PLEASE DISPATCH EMERGENCY MUNICIPAL CREWS NOW.",submitted,2026-04-20T00:00:00,Houston,TX,USA,29.75857696207708,-95.370481738667,Water Department,,critical,9.7,10,10,45
RPT-259930,pothole,EMERGENCY: THE POTHOLE ON THE MAIN ROAD IS GETTING DEEPER AND I'VE SEEN THREE CARS SWERVE INTO THE OPPOSITE LANE TO AVOID IT TODAY. IT'S A SIGNIFICANT SAFETY RISK DURING RUSH HOUR. IMMEDIATE INTERVENTION REQUIRED. LIVES AND PROPERTY ARE AT RISK NEAR A SENSITIVE AREA. PLEASE DISPATCH EMERGENCY MUNICIPAL CREWS NOW.,submitted,2026-03-31T00:00:00,New York,NY,USA,40.71292135242697,-74.00128700146178,Roads & Highways,,critical,9.36,9,10,46
RPT-995647,drainage,The sewer grate is rusted and sunken. It makes a loud clanging noise every time a car drives over it.,resolved,2026-02-01T00:00:00,New York,NY,USA,40.73232492681049,-74.02348996637728,Drainage Authority,2026-02-06T00:00:00,high,7.56,9,8,26
RPT-993057,noise,Excessive noise from construction crew working well past 10 PM. Can't sleep.,resolved,2025-07-16T19:29:14.032357,Los Angeles,CA,USA,34.047166949002644,-118.23828398880734,Public Safety,2025-07-22T19:29:14.032357,medium,6.22,4,9,32
RPT-648926,water-leak,Water leaking from a hydrant causing flooding on the sidewalk.,resolved,2024-05-27T15:05:00,New York,NY,USA,40.749,-73.982,Water Management,2024-05-28T09:27:00,medium,5.1,9,2,15
RPT-837625,pothole,"Large pothole on Main Street near the intersection with Broad St, hazardous for cyclists.",resolved,2024-06-10T18:42:00,Jersey City,New Jersey,USA,40.7212,-74.0471,Roads,2024-06-11T15:23:00,medium,6.1,7,8,15
RPT-400795,noise,"EMERGENCY: CONSTANT, HIGH-DECIBEL INDUSTRIAL HUMMING COMING FROM THE SITE NEXT TO THE APARTMENT COMPLEX. IT’S BEEN ONGOING FOR 48 HOURS AND IS CAUSING SEVERE SLEEP DEPRIVATION. IMMEDIATE INTERVENTION REQUIRED. LIVES AND PROPERTY ARE AT RISK NEAR A SENSITIVE AREA. PLEASE DISPATCH EMERGENCY MUNICIPAL CREWS NOW.",submitted,2026-01-13T00:00:00,Houston,TX,USA,29.7609608006256,-95.36631245132786,Public Safety,,critical,9.36,9,10,46
RPT-813104,streetlight,URGENT: The entire block's streetlights are out near the hospital parking zone. It feels extremely unsafe for the night shift staff walking to their vehicles. This situation is impacting hundreds of people on this main road and requires a crew immediately. It's becoming a major liability for the city.,submitted,2025-12-02T00:00:00,Los Angeles,CA,USA,34.04846444888546,-118.24233207416734,Electrical Department,,high,7.84,7,8,44
RPT-794869,pothole,Road surface failure creating a sharp pothole. Please fix.,in-progress,2026-02-06T19:29:14.032142,New York,NY,USA,40.72121069045913,-73.99929489078646,Roads & Highways,,medium,6.48,3,8,48
RPT-819417,garbage,Garbage collected late for the third week in a row.,submitted,2023-08-09T08:49:00,Chicago,IL,USA,41.9135,-87.6549,Sanitation,,low,3.18,3,3,18
RPT-858307,other,Broken bench at bus stop needs repair.,submitted,2024-03-10T09:33:00,Oakland,California,USA,37.8449,-122.2527,Public Works,,medium,5.54,5,3,44
RPT-375667,water_leakage,"EMERGENCY: A SIGNIFICANT WATER LEAK NEAR THE SCHOOL ENTRANCE IS CREATING A LARGE, SLIPPERY POND. IT'S WASTING CITY RESOURCES AND MAKING IT HARD FOR KIDS TO GET TO CLASS. IMMEDIATE INTERVENTION REQUIRED. LIVES AND PROPERTY ARE AT RISK NEAR A SENSITIVE AREA. PLEASE DISPATCH EMERGENCY MUNICIPAL CREWS NOW.",submitted,2025-07-03T00:00:00,New York,NY,USA,40.71338813797769,-74.00509073355681,Water Department,,critical,9.64,10,9,49
RPT-499877,pothole,EMERGENCY: THE POTHOLE ON THE MAIN ROAD IS GETTING DEEPER AND I'VE SEEN THREE CARS SWERVE INTO THE OPPOSITE LANE TO AVOID IT TODAY. IT'S A SIGNIFICANT SAFETY RISK DURING RUSH HOUR. IMMEDIATE INTERVENTION REQUIRED. LIVES AND PROPERTY ARE AT RISK NEAR A SENSITIVE AREA. PLEASE DISPATCH EMERGENCY MUNICIPAL CREWS NOW.,submitted,2026-02-14T00:00:00,Los Angeles,CA,USA,34.0476305152485,-118.24713826298157,Roads & Highways,,critical,9.0,9,9,45
RPT-308867,illegal-dumping,Illegal dumping of old furniture observed behind the supermarket parking lot.,in-progress,2024-06-09T14:21:00,Union City,New Jersey,USA,40.7795,-74.0231,Sanitation,,medium,4.96,4,7,21
RPT-684012,illegal_parking,"EMERGENCY: MULTIPLE VEHICLES ARE DOUBLE-PARKED ALONG THE MAIN COMMERCIAL STRIP, FORCING BUSES TO STOP IN THE MIDDLE OF THE ROAD AND CREATING A TOTAL TRAFFIC DEADLOCK. IMMEDIATE INTERVENTION REQUIRED. LIVES AND PROPERTY ARE AT RISK NEAR A SENSITIVE AREA. PLEASE DISPATCH EMERGENCY MUNICIPAL CREWS NOW.",submitted,2026-03-26T00:00:00,Chicago,IL,USA,41.88127338495536,-87.62846413683211,Traffic Department,,critical,9.12,9,9,47
RPT-547780,graffiti,Graffiti on the underpass walls looks like gang symbols.,submitted,2023-09-01T12:14:00,Louisville,KY,USA,38.2562,-85.7801,Community Services,,medium,5.02,4,7,22
RPT-361408,graffiti,"Graffiti on the wall of the public library, affecting the appearance of the area.",submitted,2023-07-04T09:44:00,Chicago,IL,USA,41.8095,-87.5981,Public Works,,medium,4.24,1,7,29
RPT-887148,pothole,Potholes causing difficulty for cyclists.,submitted,2023-09-10T09:12:00,Chicago,IL,USA,41.9522,-87.6768,Road Maintenance,,medium,4.44,3,3,39
RPT-723303,water_leakage,"URGENT: A significant water leak near the school entrance is creating a large, slippery pond. It's wasting city resources and making it hard for kids to get to class. This situation is impacting hundreds of people on this main road and requires a crew immediately. It's becoming a major liability for the city.",submitted,2025-08-25T00:00:00,Chicago,IL,USA,41.87425910178123,-87.6345995568898,Water Department,,high,7.84,7,9,39
RPT-243814,garbage,"Garbage truck missed our block again. Overflowing bins are attracting rats, and the smell is unbearable.",resolved,2026-03-19T20:38:18.159597,Houston,TX,USA,29.76197304206417,-95.36219999264938,Sanitation,2026-03-26T20:38:18.159597,medium,5.56,7,9,1
RPT-866253,pothole,Can someone please fix a dangerous crater forming on the side of the road.  It's becoming quite dangerous.,submitted,2026-04-21T19:27:31.181939,New York,NY,USA,40.71686032631035,-74.01299822182277,Roads & Highways,,medium,6.7,10,4,25
RPT-414293,graffiti,Graffiti on bus shelter near the high school.,resolved,2023-07-20T12:30:00,Chicago,IL,USA,41.7663,-87.5859,Public Works,2023-07-21T08:45:00,medium,4.64,2,7,29
RPT-965328,drainage,"URGENT: The storm drain is partially collapsed and blocked with heavy debris. With rain in the forecast, the surrounding residential area is at high risk of flooding. This situation is impacting hundreds of people on this main road and requires a crew immediately. It's becoming a major liability for the city.",submitted,2026-03-21T00:00:00,Los Angeles,CA,USA,34.04753149100912,-118.23944815025746,Drainage Authority,,high,7.12,7,8,32
RPT-497523,noise,"Industrial fan running 24/7, extremely loud and intrusive.",resolved,2025-11-05T00:00:00,Chicago,IL,USA,41.90091370081953,-87.66701772445428,Public Safety,2025-11-11T00:00:00,high,7.72,10,7,27
RPT-809576,pothole,"Recurring pothole at the intersection, previously filled but has reopened.",submitted,2024-06-06T06:25:00,Brooklyn,NY,USA,40.608,-73.948,Roads & Highways,,low,3.1,4,2,15
RPT-582286,water_leakage,"Pipe burst on the sidewalk. Water has been running for hours, creating a massive ice patch.",resolved,2025-10-04T20:38:18.157587,Los Angeles,CA,USA,34.055388547727325,-118.23984730621706,Water Department,2025-10-05T20:38:18.157587,high,7.24,10,3,39
RPT-985140,noise,Noise from nearby construction affecting home office work.,submitted,2024-06-05T13:12:00,Brooklyn,NY,USA,40.624,-73.964,Community Affairs,,medium,6.04,4,7,39
RPT-737926,streetlight,Flickering light makes it difficult to sleep and unsafe to walk.,in-progress,2025-11-19T00:00:00,Houston,TX,USA,29.791278239384845,-95.3101412193814,Electrical Department,,medium,4.14,3,9,4
RPT-360351,garbage,Garbage scattered along the median strip of 5th St.,closed,2024-06-03T11:41:00,North Bergen,New Jersey,USA,40.8043,-74.0101,Sanitation,2024-06-08T14:56:00,medium,5.72,2,7,47
RPT-893042,water_leakage,"URGENT: A significant water leak near the school entrance is creating a large, slippery pond. It's wasting city resources and making it hard for kids to get to class. This situation is impacting hundreds of people on this main road and requires a crew immediately. It's becoming a major liability for the city.",submitted,2025-09-26T00:00:00,New York,NY,USA,40.71130757977589,-74.0107862374193,Water Department,,high,7.3,7,8,35
RPT-209992,water_leakage,"EMERGENCY: A SIGNIFICANT WATER LEAK NEAR THE SCHOOL ENTRANCE IS CREATING A LARGE, SLIPPERY POND. IT'S WASTING CITY RESOURCES AND MAKING IT HARD FOR KIDS TO GET TO CLASS. IMMEDIATE INTERVENTION REQUIRED. LIVES AND PROPERTY ARE AT RISK NEAR A SENSITIVE AREA. PLEASE DISPATCH EMERGENCY MUNICIPAL CREWS NOW.",submitted,2025-09-08T00:00:00,Houston,TX,USA,29.75596998089596,-95.36872265216428,Water Department,,critical,9.76,10,10,46
RPT-359438,noise,"EMERGENCY: CONSTANT, HIGH-DECIBEL INDUSTRIAL HUMMING COMING FROM THE SITE NEXT TO THE APARTMENT COMPLEX. IT’S BEEN ONGOING FOR 48 HOURS AND IS CAUSING SEVERE SLEEP DEPRIVATION. IMMEDIATE INTERVENTION REQUIRED. LIVES AND PROPERTY ARE AT RISK NEAR A SENSITIVE AREA. PLEASE DISPATCH EMERGENCY MUNICIPAL CREWS NOW.",submitted,2025-10-08T00:00:00,Houston,TX,USA,29.758826126159597,-95.36989428602868,Public Safety,,critical,9.54,9,10,49
RPT-921481,pothole,Several potholes have opened up on this block. They're getting wider every day and I'm worried about my car's tires.,submitted,2025-06-26T00:00:00,Chicago,IL,USA,41.8801921102531,-87.59902345429116,Roads & Highways,,medium,4.04,5,4,14
RPT-507407,water_leakage,"URGENT: A significant water leak near the school entrance is creating a large, slippery pond. It's wasting city resources and making it hard for kids to get to class. This situation is impacting hundreds of people on this main road and requires a crew immediately. It's becoming a major liability for the city.",submitted,2025-07-30T00:00:00,Houston,TX,USA,29.760637709213885,-95.36500859215909,Water Department,,high,7.58,8,8,33
RPT-862816,noise,"URGENT: Constant, high-decibel industrial humming coming from the site next to the apartment complex. It’s been ongoing for 48 hours and is causing severe sleep deprivation. This situation is impacting hundreds of people on this main road and requires a crew immediately. It's becoming a major liability for the city.",submitted,2025-05-24T00:00:00,Houston,TX,USA,29.76343940221304,-95.36559618686888,Public Safety,,high,7.6,7,9,35
RPT-662588,pothole,Pothole is getting worse every time it rains. It's deep and causing cars to swerve into oncoming traffic.,in-progress,2025-09-13T20:38:18.159898,Houston,TX,USA,29.76282611267525,-95.36796175653863,Roads & Highways,,high,7.84,10,10,14
RPT-322018,streetlight,Two streetlights not working on our block.,in-progress,2023-09-05T19:53:00,Chicago,IL,USA,41.9035,-87.6318,Electrical Services,,medium,5.0,5,7,15
RPT-335153,garbage,Can someone please fix there is illegal dumping of furniture and appliances on the sidewalk.  Please address this as soon as possible.,in-progress,2026-02-15T19:27:31.181875,Chicago,IL,USA,41.87158465463805,-87.61950168525732,Sanitation,,medium,4.9,1,10,25
RPT-121184,water_leakage,"URGENT: A significant water leak near the school entrance is creating a large, slippery pond. It's wasting city resources and making it hard for kids to get to class. This situation is impacting hundreds of people on this main road and requires a crew immediately. It's becoming a major liability for the city.",submitted,2025-07-31T00:00:00,Chicago,IL,USA,41.8766865921467,-87.63295839728788,Water Department,,high,7.0,7,7,35
RPT-502246,streetlight,URGENT: The entire block's streetlights are out near the hospital parking zone. It feels extremely unsafe for the night shift staff walking to their vehicles. This situation is impacting hundreds of people on this main road and requires a crew immediately. It's becoming a major liability for the city.,submitted,2025-08-13T00:00:00,New York,NY,USA,40.70906030885087,-74.00294716840233,Electrical Department,,high,7.34,8,7,34
RPT-423850,graffiti,Graffiti on city sign near park entrance.,resolved,2023-08-31T07:27:00,Indianapolis,IN,USA,39.8034,-86.1221,Community Services,2023-09-03T11:12:00,low,3.5,2,7,10
RPT-177474,noise,Nightly music from nearby club disturbing the neighborhood.,rejected,2023-07-12T22:55:00,Chicago,IL,USA,41.9399,-87.6585,,,low,3.84,3,3,29
RPT-246072,water_leakage,I suspect a major water main break nearby. There is a huge puddle that keeps growing and the water pressure in our building is low.,resolved,2026-03-31T00:00:00,Houston,TX,USA,29.786988531131083,-95.40540422425616,Water Department,2026-04-03T00:00:00,medium,4.06,4,6,11
RPT-223444,garbage,URGENT: Illegal dumping at the commercial intersection is blocking the pedestrian crossing. It's a health hazard and completely unsightly for local business owners. This situation is impacting hundreds of people on this main road and requires a crew immediately. It's becoming a major liability for the city.,submitted,2025-06-01T00:00:00,Phoenix,AZ,USA,33.451637524211385,-112.07424570669924,Sanitation,,high,8.36,8,8,46
RPT-398713,water-leak,Water leaking from broken pipe in front yard.,resolved,2023-08-27T14:32:00,Louisville,KY,USA,38.2195,-85.6768,Water Services,2023-08-29T10:17:00,medium,5.96,5,7,31
RPT-424544,garbage,URGENT: Illegal dumping at the commercial intersection is blocking the pedestrian crossing. It's a health hazard and completely unsightly for local business owners. This situation is impacting hundreds of people on this main road and requires a crew immediately. It's becoming a major liability for the city.,submitted,2026-04-02T00:00:00,Phoenix,AZ,USA,33.45277754276012,-112.07477519460632,Sanitation,,high,7.12,7,7,37
RPT-584168,water_leakage,"EMERGENCY: A SIGNIFICANT WATER LEAK NEAR THE SCHOOL ENTRANCE IS CREATING A LARGE, SLIPPERY POND. IT'S WASTING CITY RESOURCES AND MAKING IT HARD FOR KIDS TO GET TO CLASS. IMMEDIATE INTERVENTION REQUIRED. LIVES AND PROPERTY ARE AT RISK NEAR A SENSITIVE AREA. PLEASE DISPATCH EMERGENCY MUNICIPAL CREWS NOW.",submitted,2025-09-04T00:00:00,Los Angeles,CA,USA,34.055412243201005,-118.24084706438852,Water Department,,critical,9.48,9,10,48
RPT-154418,drainage,Please look into there is standing water near the curb due to drainage issues.  It's creating an eyesore for the neighborhood.,resolved,2026-02-04T19:27:31.180567,Chicago,IL,USA,41.87192591916152,-87.62918444519333,Drainage Authority,2026-02-05T19:27:31.180567,medium,5.9,2,8,45
RPT-902209,pothole,Road surface failure creating a sharp pothole. Please fix.,in-progress,2025-06-09T19:29:14.033572,New York,NY,USA,40.71449610931621,-74.0087335185309,Roads & Highways,,medium,4.38,3,6,23
RPT-817744,water_leakage,"URGENT: A significant water leak near the school entrance is creating a large, slippery pond. It's wasting city resources and making it hard for kids to get to class. This situation is impacting hundreds of people on this main road and requires a crew immediately. It's becoming a major liability for the city.",submitted,2025-10-17T00:00:00,New York,NY,USA,40.71097262673224,-74.00224483538359,Water Department,,high,7.12,7,7,37
RPT-662426,pothole,URGENT: The pothole on the main road is getting deeper and I've seen three cars swerve into the opposite lane to avoid it today. It's a significant safety risk during rush hour. This situation is impacting hundreds of people on this main road and requires a crew immediately. It's becoming a major liability for the city.,submitted,2025-06-12T00:00:00,Houston,TX,USA,29.76528348671762,-95.3730588799686,Roads & Highways,,high,8.12,8,8,42
RPT-295100,streetlight,Streetlight stays on 24/7. Huge waste of electricity.,in-progress,2026-03-11T19:29:14.033705,Los Angeles,CA,USA,34.05639429601139,-118.24970108124543,Electrical Department,,medium,4.0,1,4,40
RPT-550333,illegal_parking,"URGENT: Multiple vehicles are double-parked along the main commercial strip, forcing buses to stop in the middle of the road and creating a total traffic deadlock. This situation is impacting hundreds of people on this main road and requires a crew immediately. It's becoming a major liability for the city.",submitted,2025-07-01T00:00:00,New York,NY,USA,40.710904020017374,-74.00107889592306,Traffic Department,,high,7.88,8,7,43
RPT-614295,noise,"EMERGENCY: CONSTANT, HIGH-DECIBEL INDUSTRIAL HUMMING COMING FROM THE SITE NEXT TO THE APARTMENT COMPLEX. IT’S BEEN ONGOING FOR 48 HOURS AND IS CAUSING SEVERE SLEEP DEPRIVATION. IMMEDIATE INTERVENTION REQUIRED. LIVES AND PROPERTY ARE AT RISK NEAR A SENSITIVE AREA. PLEASE DISPATCH EMERGENCY MUNICIPAL CREWS NOW.",submitted,2025-10-21T00:00:00,Houston,TX,USA,29.76118892082848,-95.3694413443134,Public Safety,,critical,9.6,9,10,50
RPT-538226,pothole,Can someone please fix a dangerous crater forming on the side of the road.  This needs immediate attention.,submitted,2026-01-18T19:27:31.180972,New York,NY,USA,40.72974848664109,-74.00288779607185,Roads & Highways,,high,7.78,10,6,33
RPT-285867,garbage,Trash overflowing from the public bins in the park. Litter is blowing everywhere.,resolved,2026-01-06T20:38:18.156458,New York,NY,USA,40.72258672529848,-74.00053566932584,Sanitation,2026-01-14T20:38:18.156458,medium,5.58,6,7,18
RPT-643531,garbage,URGENT: Illegal dumping at the commercial intersection is blocking the pedestrian crossing. It's a health hazard and completely unsightly for local business owners. This situation is impacting hundreds of people on this main road and requires a crew immediately. It's becoming a major liability for the city.,submitted,2025-08-12T00:00:00,Phoenix,AZ,USA,33.45166324466992,-112.07629365788222,Sanitation,,high,8.3,8,8,45
RPT-649089,noise,Loud construction noise from 7am to 8pm disrupting residents on Pine St.,closed,2024-06-02T09:05:00,Bayonne,New Jersey,USA,40.6687,-74.1143,Noise Control,2024-06-15T17:31:00,medium,5.36,2,7,41
RPT-610762,streetlight,About three lights are out on this entire block. It creates a major security risk for residents.,submitted,2025-07-21T00:00:00,Houston,TX,USA,29.71296622944268,-95.34331596544068,Electrical Department,,medium,6.96,9,2,46
RPT-972443,water_leakage,"EMERGENCY: A SIGNIFICANT WATER LEAK NEAR THE SCHOOL ENTRANCE IS CREATING A LARGE, SLIPPERY POND. IT'S WASTING CITY RESOURCES AND MAKING IT HARD FOR KIDS TO GET TO CLASS. IMMEDIATE INTERVENTION REQUIRED. LIVES AND PROPERTY ARE AT RISK NEAR A SENSITIVE AREA. PLEASE DISPATCH EMERGENCY MUNICIPAL CREWS NOW.",submitted,2025-11-09T00:00:00,New York,NY,USA,40.70978768021943,-74.00427492398079,Water Department,,critical,9.4,10,9,45
RPT-306908,streetlight,"Streetlight at crosswalk is out, making crossing dangerous at night.",resolved,2024-03-07T21:44:00,San Francisco,California,USA,37.7766,-122.3943,Electrical Services,2024-03-09T18:39:00,high,8.4,9,7,45
RPT-391357,pothole,URGENT: The pothole on the main road is getting deeper and I've seen three cars swerve into the opposite lane to avoid it today. It's a significant safety risk during rush hour. This situation is impacting hundreds of people on this main road and requires a crew immediately. It's becoming a major liability for the city.,submitted,2025-07-30T00:00:00,Houston,TX,USA,29.761764321116285,-95.37018223856144,Roads & Highways,,high,8.06,8,7,46
RPT-957918,illegal_parking,"EMERGENCY: MULTIPLE VEHICLES ARE DOUBLE-PARKED ALONG THE MAIN COMMERCIAL STRIP, FORCING BUSES TO STOP IN THE MIDDLE OF THE ROAD AND CREATING A TOTAL TRAFFIC DEADLOCK. IMMEDIATE INTERVENTION REQUIRED. LIVES AND PROPERTY ARE AT RISK NEAR A SENSITIVE AREA. PLEASE DISPATCH EMERGENCY MUNICIPAL CREWS NOW.",submitted,2025-09-24T00:00:00,Phoenix,AZ,USA,33.452992713114426,-112.0743447901651,Traffic Department,,critical,9.0,9,9,45
RPT-188029,streetlight,Streetlight on the corner is flickering and sometimes off after midnight.,in-progress,2023-08-06T20:44:00,Chicago,IL,USA,41.9012,-87.6311,Electrical Services,,medium,6.24,3,7,49
RPT-596015,drainage,"EMERGENCY: THE STORM DRAIN IS PARTIALLY COLLAPSED AND BLOCKED WITH HEAVY DEBRIS. WITH RAIN IN THE FORECAST, THE SURROUNDING RESIDENTIAL AREA IS AT HIGH RISK OF FLOODING. IMMEDIATE INTERVENTION REQUIRED. LIVES AND PROPERTY ARE AT RISK NEAR A SENSITIVE AREA. PLEASE DISPATCH EMERGENCY MUNICIPAL CREWS NOW.",submitted,2026-02-08T00:00:00,Houston,TX,USA,29.76336813330111,-95.37190566275244,Drainage Authority,,critical,10.0,10,10,50
RPT-619829,water_leakage,"URGENT: A significant water leak near the school entrance is creating a large, slippery pond. It's wasting city resources and making it hard for kids to get to class. This situation is impacting hundreds of people on this main road and requires a crew immediately. It's becoming a major liability for the city.",submitted,2025-09-22T00:00:00,New York,NY,USA,40.710078742353055,-74.00427569191582,Water Department,,high,8.24,8,9,39
RPT-347234,water_leakage,"EMERGENCY: A SIGNIFICANT WATER LEAK NEAR THE SCHOOL ENTRANCE IS CREATING A LARGE, SLIPPERY POND. IT'S WASTING CITY RESOURCES AND MAKING IT HARD FOR KIDS TO GET TO CLASS. IMMEDIATE INTERVENTION REQUIRED. LIVES AND PROPERTY ARE AT RISK NEAR A SENSITIVE AREA. PLEASE DISPATCH EMERGENCY MUNICIPAL CREWS NOW.",submitted,2025-09-18T00:00:00,Los Angeles,CA,USA,34.052482396947575,-118.24850753323734,Water Department,,critical,9.6,9,10,50
RPT-952402,streetlight,"Streetlight not working for several days, making the area unsafe at night.",resolved,2023-07-05T20:38:00,Chicago,IL,USA,41.8821,-87.6487,Electrical Department,2023-07-07T11:15:00,medium,6.68,5,7,43
RPT-753681,pothole,Road surface is crumbling badly here. Very hazardous for elderly pedestrians crossing.,in-progress,2025-11-07T20:38:18.159999,New York,NY,USA,40.720355370845,-74.0053413382343,Roads & Highways,,medium,4.76,8,2,16
RPT-463930,streetlight,URGENT: The entire block's streetlights are out near the hospital parking zone. It feels extremely unsafe for the night shift staff walking to their vehicles. This situation is impacting hundreds of people on this main road and requires a crew immediately. It's becoming a major liability for the city.,submitted,2025-09-06T00:00:00,Chicago,IL,USA,41.87592947919688,-87.6338195911012,Electrical Department,,high,8.18,8,7,48
RPT-351598,garbage,URGENT: Illegal dumping at the commercial intersection is blocking the pedestrian crossing. It's a health hazard and completely unsightly for local business owners. This situation is impacting hundreds of people on this main road and requires a crew immediately. It's becoming a major liability for the city.,submitted,2025-12-27T00:00:00,Houston,TX,USA,29.76400916890386,-95.37159682192517,Sanitation,,high,7.84,7,8,44
RPT-423466,noise,Noise from nearby highway construction throughout the night.,submitted,2023-09-13T01:12:00,Chicago,IL,USA,41.8602,-87.627,Noise Control,,medium,4.54,1,7,34
RPT-571525,water_leakage,"There's a constant stream of water coming from the storm drain, even though it hasn't rained in days. Must be a broken pipe.",resolved,2025-09-27T00:00:00,Chicago,IL,USA,41.85549082324547,-87.63060164004659,Water Department,2025-09-29T00:00:00,medium,4.26,3,5,26
RPT-439214,garbage,Overflowing garbage bins on the corner are attracting pests and causing unpleasant odors.,resolved,2024-05-29T08:44:00,Brooklyn,NY,USA,40.695,-73.956,Sanitation,2024-05-30T10:10:00,medium,5.02,7,3,22
RPT-443093,illegal_parking,Delivery truck is blocking the bike lane again. Forces cyclists into the path of speeding cars.,submitted,2025-07-12T20:38:18.158101,Los Angeles,CA,USA,34.05931218016238,-118.23922766418818,Traffic Department,,high,7.34,8,5,44
RPT-928058,drainage,"Manhole cover is rattling loudly whenever a car drives over it, and the area around it is caved in.",resolved,2025-12-15T20:38:18.157472,Los Angeles,CA,USA,34.059125213101275,-118.24347392400377,Drainage Authority,2025-12-16T20:38:18.157472,medium,5.74,10,2,19
RPT-731930,pothole,EMERGENCY: THE POTHOLE ON THE MAIN ROAD IS GETTING DEEPER AND I'VE SEEN THREE CARS SWERVE INTO THE OPPOSITE LANE TO AVOID IT TODAY. IT'S A SIGNIFICANT SAFETY RISK DURING RUSH HOUR. IMMEDIATE INTERVENTION REQUIRED. LIVES AND PROPERTY ARE AT RISK NEAR A SENSITIVE AREA. PLEASE DISPATCH EMERGENCY MUNICIPAL CREWS NOW.,submitted,2025-09-02T00:00:00,Chicago,IL,USA,41.874978411899946,-87.624865753542,Roads & Highways,,critical,9.64,10,9,49
RPT-175939,streetlight,URGENT: The entire block's streetlights are out near the hospital parking zone. It feels extremely unsafe for the night shift staff walking to their vehicles. This situation is impacting hundreds of people on this main road and requires a crew immediately. It's becoming a major liability for the city.,submitted,2026-01-31T00:00:00,New York,NY,USA,40.71539315450472,-74.00283231492556,Electrical Department,,high,7.06,7,8,31
RPT-222896,garbage,URGENT: Illegal dumping at the commercial intersection is blocking the pedestrian crossing. It's a health hazard and completely unsightly for local business owners. This situation is impacting hundreds of people on this main road and requires a crew immediately. It's becoming a major liability for the city.,submitted,2025-07-30T00:00:00,Los Angeles,CA,USA,34.051276980166726,-118.24645528692623,Sanitation,,high,7.12,7,8,32
RPT-729306,illegal_parking,I've noticed that cars are illegally parked in a no-parking zone.  Please address this as soon as possible.,resolved,2026-01-30T19:27:31.180311,Los Angeles,CA,USA,34.039695898832946,-118.23339756853404,Traffic Department,2026-02-01T19:27:31.180311,medium,5.38,4,9,18
RPT-984398,illegal_parking,"Van parked in the bike lane, very dangerous for commuters.",in-progress,2025-10-06T00:00:00,Phoenix,AZ,USA,33.428779610814416,-112.02353781003748,Traffic Department,,medium,5.4,3,4,50
RPT-796746,garbage,"Garbage truck missed our block again. Overflowing bins are attracting rats, and the smell is unbearable.",resolved,2025-09-23T20:38:18.157326,Houston,TX,USA,29.769276925036728,-95.36348086203849,Sanitation,2025-09-26T20:38:18.157326,medium,4.78,4,10,3
RPT-832679,water_leakage,"Pipe burst on the sidewalk. Water has been running for hours, creating a massive ice patch.",in-progress,2025-11-10T20:38:18.157816,Los Angeles,CA,USA,34.05965593460228,-118.24086399847128,Water Department,,low,3.56,2,5,21
RPT-637105,garbage,I wanted to report that trash is overflowing from the public bins again.  This has been happening for a while now.,submitted,2025-05-07T19:27:31.181477,Chicago,IL,USA,41.877000364614574,-87.63460544064256,Sanitation,,medium,4.38,6,4,13
RPT-169906,garbage,The recycling bin is broken and trash is spilling out onto the street. Needs a pickup and a replacement bin.,submitted,2025-06-17T00:00:00,New York,NY,USA,40.71914146077939,-73.98738369426373,Sanitation,,medium,6.96,3,10,46
RPT-208895,illegal_parking,"URGENT: Multiple vehicles are double-parked along the main commercial strip, forcing buses to stop in the middle of the road and creating a total traffic deadlock. This situation is impacting hundreds of people on this main road and requires a crew immediately. It's becoming a major liability for the city.",submitted,2025-07-25T00:00:00,New York,NY,USA,40.711672689260354,-74.0062009671642,Traffic Department,,high,7.52,8,8,32
RPT-931016,water_leakage,Water pooling in the basement/street level. Possible pipe burst underground.,submitted,2026-03-23T19:29:14.033191,Phoenix,AZ,USA,33.44386646334095,-112.06426972083534,Water Department,,medium,5.5,4,6,35
RPT-659761,water_leakage,"It's really frustrating that significant water pooling is occurring, possibly a burst pipe.  It's creating an eyesore for the neighborhood.",in-progress,2025-07-11T19:27:31.183630,Houston,TX,USA,29.75860546818003,-95.37030263269074,Water Department,,medium,5.04,3,4,44
RPT-865630,noise,Construction crew is starting their work at 5 AM. It is way too loud and violating city ordinances.,in-progress,2025-06-18T00:00:00,Phoenix,AZ,USA,33.49393611383427,-112.05858818371766,Public Safety,,medium,5.08,4,9,13
RPT-716143,garbage,Garbage bags left outside apartment building despite scheduled pickup.,submitted,2024-06-18T07:31:00,Fair Lawn,New Jersey,USA,40.9407,-74.1318,Sanitation,,medium,4.74,3,7,24
RPT-108263,drainage,Water not draining properly at the curb. Creates a mosquito breeding ground.,submitted,2025-08-26T19:29:14.033540,Chicago,IL,USA,41.87920933480374,-87.63425583677257,Drainage Authority,,medium,4.02,3,1,42
RPT-390737,water-leak,"Water is seeping from a broken pipe near the park entrance, creating muddy conditions.",in-progress,2024-03-09T07:40:00,Berkeley,California,USA,37.8666,-122.2593,Water Department,,medium,6.4,7,5,35
RPT-168537,streetlight,"Two streetlights out on Walnut St, causing a dark stretch at night.",resolved,2024-06-12T20:12:00,Trenton,New Jersey,USA,40.2171,-74.7429,Electrical,2024-06-14T10:27:00,medium,5.74,4,7,34
RPT-498060,graffiti,Graffiti on the public restroom exterior walls.,submitted,2024-06-01T14:08:00,Harlem,NY,USA,40.81,-73.955,Public Works,,low,3.4,1,7,15
RPT-758438,drainage,"Manhole cover is rattling loudly whenever a car drives over it, and the area around it is caved in.",resolved,2025-12-30T20:38:18.158757,Los Angeles,CA,USA,34.05629082879739,-118.2387146272516,Drainage Authority,2026-01-06T20:38:18.158757,medium,6.12,3,9,37
RPT-971843,streetlight,"Bulb burned out weeks ago, city hasn't replaced it despite previous reports.",in-progress,2025-08-22T20:38:18.156845,Phoenix,AZ,USA,33.457235936079044,-112.06681526236125,Electrical Department,,high,7.36,7,7,41
RPT-973592,pothole,Small but sharp pothole that is definitely going to pop someone's tire. Could we get this filled quickly?,resolved,2025-10-21T00:00:00,Phoenix,AZ,USA,33.44709562714217,-112.0334049340984,Roads & Highways,2025-10-23T00:00:00,low,2.32,4,2,2
RPT-958730,water_leakage,Emergency: Water main break flooding the street.,in-progress,2026-01-05T19:29:14.033216,New York,NY,USA,40.71445356701896,-74.0000870985349,Water Department,,medium,5.34,3,8,29
RPT-365383,drainage,Flooding on the street is making it impossible to cross.,submitted,2025-04-03T00:00:00,Houston,TX,USA,29.720526380061077,-95.33019535178664,Drainage Authority,,medium,6.9,6,6,45
RPT-713466,streetlight,URGENT: The entire block's streetlights are out near the hospital parking zone. It feels extremely unsafe for the night shift staff walking to their vehicles. This situation is impacting hundreds of people on this main road and requires a crew immediately. It's becoming a major liability for the city.,submitted,2025-11-07T00:00:00,Phoenix,AZ,USA,33.44743265596652,-112.07440696283136,Electrical Department,,high,8.36,8,8,46
RPT-196354,garbage,I wanted to report that trash is overflowing from the public bins again.  Please address this as soon as possible.,resolved,2025-08-18T19:27:31.180939,Houston,TX,USA,29.768088778175034,-95.35140385600648,Sanitation,2025-08-27T19:27:31.180939,medium,4.74,6,6,9
RPT-635465,drainage,"URGENT: The storm drain is partially collapsed and blocked with heavy debris. With rain in the forecast, the surrounding residential area is at high risk of flooding. This situation is impacting hundreds of people on this main road and requires a crew immediately. It's becoming a major liability for the city.",submitted,2025-11-09T00:00:00,Los Angeles,CA,USA,34.05631026005509,-118.2472208460583,Drainage Authority,,high,7.76,8,7,41
RPT-623428,water_leakage,"URGENT: A significant water leak near the school entrance is creating a large, slippery pond. It's wasting city resources and making it hard for kids to get to class. This situation is impacting hundreds of people on this main road and requires a crew immediately. It's becoming a major liability for the city.",submitted,2025-10-22T00:00:00,Chicago,IL,USA,41.88259429583272,-87.63450147971736,Water Department,,high,7.94,8,8,39
RPT-471857,illegal_parking,Vehicle parked directly in front of the fire hydrant. Big safety risk.,in-progress,2025-12-23T19:29:14.032092,New York,NY,USA,40.71454019136501,-74.0083709248841,Traffic Department,,low,2.74,1,5,14
RPT-415625,streetlight,URGENT: The entire block's streetlights are out near the hospital parking zone. It feels extremely unsafe for the night shift staff walking to their vehicles. This situation is impacting hundreds of people on this main road and requires a crew immediately. It's becoming a major liability for the city.,submitted,2025-08-05T00:00:00,Chicago,IL,USA,41.87504977828984,-87.62624773771248,Electrical Department,,high,8.14,7,9,44
RPT-538739,water_leakage,"Please look into significant water pooling is occurring, possibly a burst pipe.  This needs immediate attention.",in-progress,2025-06-19T19:27:31.183854,New York,NY,USA,40.712198937672206,-73.99354991785619,Water Department,,medium,4.38,3,4,33
RPT-739671,streetlight,EMERGENCY: THE ENTIRE BLOCK'S STREETLIGHTS ARE OUT NEAR THE HOSPITAL PARKING ZONE. IT FEELS EXTREMELY UNSAFE FOR THE NIGHT SHIFT STAFF WALKING TO THEIR VEHICLES. IMMEDIATE INTERVENTION REQUIRED. LIVES AND PROPERTY ARE AT RISK NEAR A SENSITIVE AREA. PLEASE DISPATCH EMERGENCY MUNICIPAL CREWS NOW.,submitted,2025-09-27T00:00:00,Phoenix,AZ,USA,33.45265855245764,-112.0778795244919,Electrical Department,,critical,9.76,10,10,46
RPT-872815,streetlight,Lamp post light is shattered and the wires are exposed. This is a serious electrical hazard.,submitted,2025-11-29T00:00:00,Houston,TX,USA,29.7810805767004,-95.40950313586843,Electrical Department,,high,7.0,4,8,50
RPT-495366,streetlight,URGENT: The entire block's streetlights are out near the hospital parking zone. It feels extremely unsafe for the night shift staff walking to their vehicles. This situation is impacting hundreds of people on this main road and requires a crew immediately. It's becoming a major liability for the city.,submitted,2025-06-04T00:00:00,Chicago,IL,USA,41.87385073460898,-87.63222181483435,Electrical Department,,high,7.6,7,8,40
RPT-436943,noise,It's really frustrating that excessive music volume is coming from the apartment upstairs.  I'm concerned about safety here.,resolved,2025-07-16T19:27:31.182929,Los Angeles,CA,USA,34.03844256494444,-118.26002615439786,Public Safety,2025-07-25T19:27:31.182929,low,2.74,1,1,34
RPT-565382,illegal_parking,"EMERGENCY: MULTIPLE VEHICLES ARE DOUBLE-PARKED ALONG THE MAIN COMMERCIAL STRIP, FORCING BUSES TO STOP IN THE MIDDLE OF THE ROAD AND CREATING A TOTAL TRAFFIC DEADLOCK. IMMEDIATE INTERVENTION REQUIRED. LIVES AND PROPERTY ARE AT RISK NEAR A SENSITIVE AREA. PLEASE DISPATCH EMERGENCY MUNICIPAL CREWS NOW.",submitted,2026-03-03T00:00:00,Chicago,IL,USA,41.87905144360418,-87.62717167010425,Traffic Department,,critical,9.36,9,10,46
RPT-989507,garbage,I've noticed that litter is accumulating in the alleyway and creating a mess.  I'm concerned about safety here.,submitted,2026-04-14T19:27:31.180386,Los Angeles,CA,USA,34.05542107081985,-118.2564679504468,Sanitation,,low,2.14,1,1,24
RPT-566292,illegal_parking,"Multiple cars parked on the sidewalk, forcing pedestrians into the street.",resolved,2025-07-27T00:00:00,Phoenix,AZ,USA,33.44598442545008,-112.07489023230336,Traffic Department,2025-07-30T00:00:00,medium,6.38,5,10,23
RPT-844284,illegal_parking,"URGENT: Multiple vehicles are double-parked along the main commercial strip, forcing buses to stop in the middle of the road and creating a total traffic deadlock. This situation is impacting hundreds of people on this main road and requires a crew immediately. It's becoming a major liability for the city.",submitted,2025-09-10T00:00:00,Los Angeles,CA,USA,34.053255599097575,-118.24380339911264,Traffic Department,,high,8.08,7,9,43
RPT-292757,drainage,The sewer grate is rusted and sunken. It makes a loud clanging noise every time a car drives over it.,in-progress,2026-01-25T00:00:00,New York,NY,USA,40.75488041449831,-73.96312821177669,Drainage Authority,,medium,5.98,4,9,28
RPT-771284,noise,"URGENT: Constant, high-decibel industrial humming coming from the site next to the apartment complex. It’s been ongoing for 48 hours and is causing severe sleep deprivation. This situation is impacting hundreds of people on this main road and requires a crew immediately. It's becoming a major liability for the city.",submitted,2025-05-20T00:00:00,Phoenix,AZ,USA,33.452939265337285,-112.07515030223472,Public Safety,,high,8.26,7,9,46
RPT-886020,noise,Loud party noise from neighbors past midnight.,submitted,2023-08-25T01:24:00,Chicago,IL,USA,41.8342,-87.6231,Noise Control,,low,2.74,4,2,9
RPT-399949,streetlight,EMERGENCY: THE ENTIRE BLOCK'S STREETLIGHTS ARE OUT NEAR THE HOSPITAL PARKING ZONE. IT FEELS EXTREMELY UNSAFE FOR THE NIGHT SHIFT STAFF WALKING TO THEIR VEHICLES. IMMEDIATE INTERVENTION REQUIRED. LIVES AND PROPERTY ARE AT RISK NEAR A SENSITIVE AREA. PLEASE DISPATCH EMERGENCY MUNICIPAL CREWS NOW.,submitted,2025-06-20T00:00:00,Phoenix,AZ,USA,33.44899335683071,-112.0707148306806,Electrical Department,,critical,10.0,10,10,50
RPT-897146,noise,"EMERGENCY: CONSTANT, HIGH-DECIBEL INDUSTRIAL HUMMING COMING FROM THE SITE NEXT TO THE APARTMENT COMPLEX. IT’S BEEN ONGOING FOR 48 HOURS AND IS CAUSING SEVERE SLEEP DEPRIVATION. IMMEDIATE INTERVENTION REQUIRED. LIVES AND PROPERTY ARE AT RISK NEAR A SENSITIVE AREA. PLEASE DISPATCH EMERGENCY MUNICIPAL CREWS NOW.",submitted,2025-05-20T00:00:00,Phoenix,AZ,USA,33.44342896956101,-112.07611729444471,Public Safety,,critical,9.36,9,10,46
RPT-947801,drainage,I wanted to report that the storm drain is clogged with debris and causing flooding.  This has been happening for a while now.,resolved,2025-12-30T19:27:31.180533,Houston,TX,USA,29.75838888288449,-95.38016287706584,Drainage Authority,2026-01-03T19:27:31.180533,medium,6.66,9,5,26
RPT-926836,garbage,"Residents are putting out trash on the wrong days, and it's piling up in front of my driveway.",in-progress,2025-08-30T20:38:18.157562,Phoenix,AZ,USA,33.45449571972996,-112.07229613351628,Sanitation,,medium,5.56,1,10,36
RPT-832414,pothole,URGENT: The pothole on the main road is getting deeper and I've seen three cars swerve into the opposite lane to avoid it today. It's a significant safety risk during rush hour. This situation is impacting hundreds of people on this main road and requires a crew immediately. It's becoming a major liability for the city.,submitted,2025-07-03T00:00:00,New York,NY,USA,40.71567490489516,-74.01024974401697,Roads & Highways,,high,7.82,8,8,37
RPT-173265,pothole,"Multiple potholes forming on the main road, posing danger to cyclists and vehicles.",closed,2024-05-25T07:55:00,Brooklyn,NY,USA,40.673,-73.964,Roads & Highways,2024-05-29T13:22:00,low,3.02,2,7,2
RPT-244291,drainage,"EMERGENCY: THE STORM DRAIN IS PARTIALLY COLLAPSED AND BLOCKED WITH HEAVY DEBRIS. WITH RAIN IN THE FORECAST, THE SURROUNDING RESIDENTIAL AREA IS AT HIGH RISK OF FLOODING. IMMEDIATE INTERVENTION REQUIRED. LIVES AND PROPERTY ARE AT RISK NEAR A SENSITIVE AREA. PLEASE DISPATCH EMERGENCY MUNICIPAL CREWS NOW.",submitted,2026-03-04T00:00:00,New York,NY,USA,40.70858047274271,-74.00869614937707,Drainage Authority,,critical,9.94,10,10,49
RPT-358457,noise,Constant noise from the HVAC units at the new commercial building. It hums all night and vibrates the windows.,in-progress,2026-03-18T20:38:18.159787,Houston,TX,USA,29.7631875562187,-95.36358924035105,Public Safety,,low,1.96,1,5,1
RPT-408937,garbage,URGENT: Illegal dumping at the commercial intersection is blocking the pedestrian crossing. It's a health hazard and completely unsightly for local business owners. This situation is impacting hundreds of people on this main road and requires a crew immediately. It's becoming a major liability for the city.,submitted,2025-06-26T00:00:00,Chicago,IL,USA,41.87707285092513,-87.6340789831303,Sanitation,,high,7.66,7,8,41
RPT-264550,illegal-dumping,"Old tires dumped on vacant lot, needs removal.",closed,2023-09-18T13:37:00,Indianapolis,IN,USA,39.7992,-86.1258,Waste Management,2023-09-21T11:17:00,low,3.32,2,7,7
RPT-534796,illegal_parking,"URGENT: Multiple vehicles are double-parked along the main commercial strip, forcing buses to stop in the middle of the road and creating a total traffic deadlock. This situation is impacting hundreds of people on this main road and requires a crew immediately. It's becoming a major liability for the city.",submitted,2026-02-05T00:00:00,Chicago,IL,USA,41.87384922062844,-87.63316167118901,Traffic Department,,high,8.06,8,8,41
RPT-171570,drainage,Please look into the storm drain is clogged with debris and causing flooding.  This has been happening for a while now.,resolved,2025-05-09T19:27:31.181908,Los Angeles,CA,USA,34.03839491361384,-118.23100827721402,Drainage Authority,2025-05-10T19:27:31.181908,medium,5.6,8,2,30
RPT-438226,water_leakage,"Pipe burst on the sidewalk. Water has been running for hours, creating a massive ice patch.",in-progress,2025-05-16T20:38:18.156804,Los Angeles,CA,USA,34.05318903367032,-118.23404390778988,Water Department,,low,3.72,3,6,12
RPT-699608,garbage,Broken glass and trash scattered along the curb. Not safe for pedestrians.,submitted,2025-12-05T19:29:14.031469,New York,NY,USA,40.70679224164199,-74.01345933552203,Sanitation,,low,1.54,1,3,4
RPT-906947,garbage,Loose garbage being blown from bins into the adjacent playground.,submitted,2024-03-12T16:02:00,San Jose,California,USA,37.2986,-121.903,Sanitation,,low,2.76,3,2,16
RPT-867110,water_leakage,Emergency: Water main break flooding the street.,submitted,2025-12-12T19:29:14.033423,Phoenix,AZ,USA,33.442256116638355,-112.07099274376976,Water Department,,low,3.7,4,2,25
RPT-397531,noise,Barking dog left unattended on the balcony all day.,resolved,2025-07-17T00:00:00,Phoenix,AZ,USA,33.4675539901908,-112.06404654222196,Public Safety,2025-07-21T00:00:00,high,7.72,7,10,32
RPT-324630,streetlight,URGENT: The entire block's streetlights are out near the hospital parking zone. It feels extremely unsafe for the night shift staff walking to their vehicles. This situation is impacting hundreds of people on this main road and requires a crew immediately. It's becoming a major liability for the city.,submitted,2025-11-24T00:00:00,Chicago,IL,USA,41.87763802265948,-87.62501749379736,Electrical Department,,high,7.46,8,7,36
RPT-795303,streetlight,The pole is leaning significantly and the light is buzzing. Afraid it might fall over during a storm.,resolved,2025-07-03T20:38:18.157078,Houston,TX,USA,29.76737877922056,-95.3648725935722,Electrical Department,2025-07-07T20:38:18.157078,medium,6.68,5,7,43
RPT-109138,graffiti,"Graffiti on the wall facing Harrison Ave, obscuring street signs.",in-progress,2024-06-17T16:32:00,Kearny,New Jersey,USA,40.7532,-74.1552,Community Services,,low,1.3,1,2,5
RPT-432912,garbage,URGENT: Illegal dumping at the commercial intersection is blocking the pedestrian crossing. It's a health hazard and completely unsightly for local business owners. This situation is impacting hundreds of people on this main road and requires a crew immediately. It's becoming a major liability for the city.,submitted,2025-12-20T00:00:00,New York,NY,USA,40.70926694086258,-74.00535417385733,Sanitation,,high,7.58,8,7,38
RPT-105882,graffiti,Graffiti tags on playground equipment.,resolved,2023-08-22T16:31:00,Chicago,IL,USA,41.8954,-87.6748,Community Services,2023-08-25T09:20:00,low,3.32,2,3,27
RPT-153327,noise,"EMERGENCY: CONSTANT, HIGH-DECIBEL INDUSTRIAL HUMMING COMING FROM THE SITE NEXT TO THE APARTMENT COMPLEX. IT’S BEEN ONGOING FOR 48 HOURS AND IS CAUSING SEVERE SLEEP DEPRIVATION. IMMEDIATE INTERVENTION REQUIRED. LIVES AND PROPERTY ARE AT RISK NEAR A SENSITIVE AREA. PLEASE DISPATCH EMERGENCY MUNICIPAL CREWS NOW.",submitted,2025-09-11T00:00:00,Los Angeles,CA,USA,34.04754670051103,-118.24800770813872,Public Safety,,critical,9.3,9,10,45
RPT-884003,garbage,Uncollected garbage bags piling up near the park entrance.,resolved,2023-07-08T12:41:00,Chicago,IL,USA,41.8313,-87.6176,Sanitation,2023-07-09T09:50:00,medium,4.12,4,2,32
RPT-979565,streetlight,EMERGENCY: THE ENTIRE BLOCK'S STREETLIGHTS ARE OUT NEAR THE HOSPITAL PARKING ZONE. IT FEELS EXTREMELY UNSAFE FOR THE NIGHT SHIFT STAFF WALKING TO THEIR VEHICLES. IMMEDIATE INTERVENTION REQUIRED. LIVES AND PROPERTY ARE AT RISK NEAR A SENSITIVE AREA. PLEASE DISPATCH EMERGENCY MUNICIPAL CREWS NOW.,submitted,2026-01-10T00:00:00,Houston,TX,USA,29.76146761476745,-95.37193760845707,Electrical Department,,critical,9.82,10,10,47
RPT-112546,illegal_parking,"Van parked in the bike lane, very dangerous for commuters.",in-progress,2025-02-02T00:00:00,Phoenix,AZ,USA,33.47419150790953,-112.0676355641309,Traffic Department,,low,3.98,5,2,23
RPT-697944,illegal_parking,"EMERGENCY: MULTIPLE VEHICLES ARE DOUBLE-PARKED ALONG THE MAIN COMMERCIAL STRIP, FORCING BUSES TO STOP IN THE MIDDLE OF THE ROAD AND CREATING A TOTAL TRAFFIC DEADLOCK. IMMEDIATE INTERVENTION REQUIRED. LIVES AND PROPERTY ARE AT RISK NEAR A SENSITIVE AREA. PLEASE DISPATCH EMERGENCY MUNICIPAL CREWS NOW.",submitted,2025-10-12T00:00:00,Chicago,IL,USA,41.87523908643997,-87.63147355300535,Traffic Department,,critical,9.3,9,9,50
RPT-887297,other,Missing signage at busy intersection causing confusion for drivers.,submitted,2023-07-21T16:40:00,Chicago,IL,USA,41.9531,-87.7143,Traffic Department,,medium,4.12,1,5,37
RPT-112597,garbage,"Garbage bags left on the sidewalk, blocking pedestrian access.",submitted,2024-06-04T07:31:00,New York,NY,USA,40.727,-73.982,Sanitation,,medium,4.66,1,7,36
RPT-564175,drainage,"Whenever it rains, the water pools up halfway across the street because the drain isn't catching anything.",in-progress,2025-09-03T00:00:00,Houston,TX,USA,29.72761464598392,-95.39402900328284,Drainage Authority,,medium,5.84,5,3,49
RPT-345201,noise,"URGENT: Constant, high-decibel industrial humming coming from the site next to the apartment complex. It’s been ongoing for 48 hours and is causing severe sleep deprivation. This situation is impacting hundreds of people on this main road and requires a crew immediately. It's becoming a major liability for the city.",submitted,2025-10-19T00:00:00,Los Angeles,CA,USA,34.054547893003296,-118.23872293785035,Public Safety,,high,7.46,8,8,31
RPT-187011,pothole,URGENT: The pothole on the main road is getting deeper and I've seen three cars swerve into the opposite lane to avoid it today. It's a significant safety risk during rush hour. This situation is impacting hundreds of people on this main road and requires a crew immediately. It's becoming a major liability for the city.,submitted,2025-11-29T00:00:00,New York,NY,USA,40.70828812099502,-74.00196119213112,Roads & Highways,,high,7.58,8,8,33
RPT-978184,drainage,I wanted to report that a large blockage in the storm drain is causing road safety concerns.  I'm concerned about safety here.,in-progress,2025-05-31T19:27:31.182292,Houston,TX,USA,29.758282125299647,-95.36429524534176,Drainage Authority,,medium,4.68,6,3,23
RPT-992208,illegal_parking,Illegal parking right up against the fire hydrant. This is a huge safety violation.,in-progress,2025-12-28T20:38:18.157112,Los Angeles,CA,USA,34.05564593123521,-118.23781095768052,Traffic Department,,medium,6.14,2,10,39
RPT-545727,pothole,"There is a deep, jagged pothole right on the turn of 5th and Main. It's dangerous, especially at night when you can't see it.",submitted,2025-04-27T00:00:00,Houston,TX,USA,29.783113236548065,-95.32761292360546,Roads & Highways,,medium,6.92,8,4,42
RPT-906101,noise,It's really frustrating that there is loud construction noise occurring well past midnight.  I'm concerned about safety here.,resolved,2025-12-21T19:27:31.183210,Houston,TX,USA,29.757823781835228,-95.37729026845687,Public Safety,2025-12-26T19:27:31.183210,low,3.8,2,9,5
RPT-433872,noise,"EMERGENCY: CONSTANT, HIGH-DECIBEL INDUSTRIAL HUMMING COMING FROM THE SITE NEXT TO THE APARTMENT COMPLEX. IT’S BEEN ONGOING FOR 48 HOURS AND IS CAUSING SEVERE SLEEP DEPRIVATION. IMMEDIATE INTERVENTION REQUIRED. LIVES AND PROPERTY ARE AT RISK NEAR A SENSITIVE AREA. PLEASE DISPATCH EMERGENCY MUNICIPAL CREWS NOW.",submitted,2026-01-14T00:00:00,Phoenix,AZ,USA,33.448870794379566,-112.07022361155468,Public Safety,,critical,9.36,9,10,46
RPT-895542,streetlight,Multiple streetlights out on this block. Total darkness after sunset.,in-progress,2025-10-12T19:29:14.033369,New York,NY,USA,40.704648762527725,-74.00319261900496,Electrical Department,,low,2.86,1,1,36
RPT-957366,illegal_parking,"URGENT: Multiple vehicles are double-parked along the main commercial strip, forcing buses to stop in the middle of the road and creating a total traffic deadlock. This situation is impacting hundreds of people on this main road and requires a crew immediately. It's becoming a major liability for the city.",submitted,2025-08-21T00:00:00,Houston,TX,USA,29.763050921785677,-95.37027625511251,Traffic Department,,high,7.3,7,8,35
RPT-265462,garbage,Illegal dumping of large furniture items in the alleyway. Need sanitation pickup.,resolved,2025-11-17T19:29:14.032250,Phoenix,AZ,USA,33.44408279252683,-112.07629430630368,Sanitation,2025-11-20T19:29:14.032250,low,3.9,3,2,35
RPT-452444,noise,"URGENT: Constant, high-decibel industrial humming coming from the site next to the apartment complex. It’s been ongoing for 48 hours and is causing severe sleep deprivation. This situation is impacting hundreds of people on this main road and requires a crew immediately. It's becoming a major liability for the city.",submitted,2026-04-26T00:00:00,Los Angeles,CA,USA,34.05390814829326,-118.24096351746856,Public Safety,,high,7.7,8,8,35
RPT-466780,noise,Unusually loud vehicle engine noise repeatedly circling the block.,in-progress,2025-08-01T00:00:00,Phoenix,AZ,USA,33.41934284502182,-112.10265008144182,Public Safety,,medium,5.08,1,8,38
RPT-746652,streetlight,URGENT: The entire block's streetlights are out near the hospital parking zone. It feels extremely unsafe for the night shift staff walking to their vehicles. This situation is impacting hundreds of people on this main road and requires a crew immediately. It's becoming a major liability for the city.,submitted,2025-10-31T00:00:00,Chicago,IL,USA,41.874941453658096,-87.6341519014837,Electrical Department,,high,7.24,7,8,34
RPT-473224,illegal_parking,Illegal parking right up against the fire hydrant. This is a huge safety violation.,resolved,2025-09-22T20:38:18.159667,Phoenix,AZ,USA,33.449202047735994,-112.06774115824255,Traffic Department,2025-09-27T20:38:18.159667,high,7.82,8,6,47
RPT-284832,illegal_parking,"Illegal parking in the no-stopping zone, causing a bottleneck.",resolved,2026-03-05T19:29:14.031884,Phoenix,AZ,USA,33.44119898078602,-112.08395456874138,Traffic Department,2026-03-19T19:29:14.031884,medium,4.74,3,8,19
RPT-757189,pothole,Small but sharp pothole that is definitely going to pop someone's tire. Could we get this filled quickly?,submitted,2025-12-17T00:00:00,Phoenix,AZ,USA,33.42302926693288,-112.08217610971816,Roads & Highways,,medium,6.2,5,10,20
RPT-514367,illegal_parking,"Car parked in front of the driveway, blocking me in.",resolved,2025-10-28T00:00:00,Houston,TX,USA,29.80256424123037,-95.40036239436664,Traffic Department,2025-10-30T00:00:00,low,3.18,3,4,13
RPT-447166,pothole,EMERGENCY: THE POTHOLE ON THE MAIN ROAD IS GETTING DEEPER AND I'VE SEEN THREE CARS SWERVE INTO THE OPPOSITE LANE TO AVOID IT TODAY. IT'S A SIGNIFICANT SAFETY RISK DURING RUSH HOUR. IMMEDIATE INTERVENTION REQUIRED. LIVES AND PROPERTY ARE AT RISK NEAR A SENSITIVE AREA. PLEASE DISPATCH EMERGENCY MUNICIPAL CREWS NOW.,submitted,2025-12-24T00:00:00,New York,NY,USA,40.714069764614166,-74.00882462476159,Roads & Highways,,critical,9.52,10,9,47
RPT-797475,water_leakage,"EMERGENCY: A SIGNIFICANT WATER LEAK NEAR THE SCHOOL ENTRANCE IS CREATING A LARGE, SLIPPERY POND. IT'S WASTING CITY RESOURCES AND MAKING IT HARD FOR KIDS TO GET TO CLASS. IMMEDIATE INTERVENTION REQUIRED. LIVES AND PROPERTY ARE AT RISK NEAR A SENSITIVE AREA. PLEASE DISPATCH EMERGENCY MUNICIPAL CREWS NOW.",submitted,2026-04-28T00:00:00,New York,NY,USA,40.71040982832934,-74.0018357091104,Water Department,,critical,9.48,9,10,48
RPT-616146,illegal_parking,"URGENT: Multiple vehicles are double-parked along the main commercial strip, forcing buses to stop in the middle of the road and creating a total traffic deadlock. This situation is impacting hundreds of people on this main road and requires a crew immediately. It's becoming a major liability for the city.",submitted,2025-08-06T00:00:00,New York,NY,USA,40.71354164341829,-74.00224006130017,Traffic Department,,high,7.42,7,9,32
